,NCTId,IsFDARegulatedDrug
9999,NCT03766373,Yes
7276,NCT03416348,Yes
7429,NCT03207152,Yes
7431,NCT02706873,Yes
7440,NCT02215200,Yes
7445,NCT04533464,Yes
1698,NCT02742532,Yes
7451,NCT03334396,Yes
7452,NCT03334422,Yes
1695,NCT00833963,Yes
7454,NCT03733301,Yes
7456,NCT04360681,Yes
1678,NCT03921294,Yes
1676,NCT03264131,Yes
7497,NCT04471974,Yes
7526,NCT01299116,Yes
7545,NCT03343197,Yes
1657,NCT04550455,Yes
7558,NCT03207750,Yes
7561,NCT03005054,Yes
7569,NCT04322357,Yes
7580,NCT03834584,Yes
1637,NCT03334175,Yes
7591,NCT03844061,Yes
7595,NCT04545424,Yes
1629,NCT01809639,Yes
7603,NCT01287104,Yes
7423,NCT03276572,Yes
7413,NCT04060017,Yes
1713,NCT03642847,Yes
7323,NCT03544632,Yes
7285,NCT03227861,Yes
1770,NCT02568306,Yes
7290,NCT03079999,Yes
7301,NCT03623022,Yes
1762,NCT02995915,Yes
7307,NCT04574869,Yes
1759,NCT02870231,Yes
7312,NCT04590963,Yes
7319,NCT03869060,Yes
7320,NCT04298138,Yes
1751,NCT03576755,Yes
7338,NCT03026556,Yes
7400,NCT03395028,Yes
7348,NCT02689713,Yes
1741,NCT03095807,Yes
1740,NCT04349072,Yes
7355,NCT03386539,Yes
7356,NCT01670877,Yes
7362,NCT02237196,Yes
1729,NCT03248141,Yes
7376,NCT00756600,Yes
7380,NCT03521154,Yes
7391,NCT04094298,Yes
7393,NCT00737893,Yes
7610,NCT02032277,Yes
7616,NCT04075513,Yes
1616,NCT03866434,Yes
1475,NCT00290147,Yes
7815,NCT02849080,Yes
7827,NCT02607865,Yes
7828,NCT01374906,Yes
7844,NCT02229851,Yes
7856,NCT02386098,Yes
7862,NCT03828201,Yes
7873,NCT03751124,Yes
1483,NCT02386150,Yes
1482,NCT03051386,Yes
1481,NCT03867162,Yes
1476,NCT02285777,Yes
7955,NCT04390009,Yes
7810,NCT03136484,Yes
7957,NCT03527186,Yes
1456,NCT03400475,Yes
7967,NCT01124695,Yes
7984,NCT02940301,Yes
7985,NCT02760030,Yes
7992,NCT00369785,Yes
7996,NCT01058395,Yes
7998,NCT02831582,Yes
8001,NCT02949128,Yes
8008,NCT03701711,Yes
1432,NCT03140488,Yes
1511,NCT03535272,Yes
1514,NCT00183885,Yes
7618,NCT03005418,Yes
1569,NCT04127058,Yes
7621,NCT02114229,Yes
7629,NCT03193398,Yes
1603,NCT02963935,Yes
7650,NCT03850509,Yes
1595,NCT03820414,Yes
1594,NCT04274153,Yes
1587,NCT00183872,Yes
7678,NCT01968590,Yes
1582,NCT01724619,Yes
1575,NCT03068949,Yes
1573,NCT02703051,Yes
1567,NCT04255251,Yes
7801,NCT03461120,Yes
1566,NCT04098250,Yes
7730,NCT03541941,Yes
1550,NCT02963376,Yes
7742,NCT04169269,Yes
1544,NCT04382625,Yes
7773,NCT04373460,Yes
7782,NCT03698279,Yes
7793,NCT02963922,Yes
7794,NCT03399786,Yes
7799,NCT04060342,Yes
1519,NCT00183898,Yes
7277,NCT03236012,Yes
7275,NCT04071600,Yes
6398,NCT03953300,Yes
7267,NCT02938975,Yes
6561,NCT04200352,Yes
2038,NCT03922061,Yes
6577,NCT03828019,Yes
2036,NCT03342196,Yes
2035,NCT03978234,Yes
6583,NCT03905642,Yes
2033,NCT01511640,Yes
6586,NCT04576507,Yes
6589,NCT04596644,Yes
2028,NCT03973489,Yes
6597,NCT04531579,Yes
6613,NCT03598816,Yes
2006,NCT02550366,Yes
6663,NCT04380038,Yes
6681,NCT03043326,Yes
6682,NCT03765567,Yes
6683,NCT02987543,Yes
6688,NCT04212650,Yes
6689,NCT04210986,Yes
1986,NCT03568331,Yes
1985,NCT04140695,Yes
6691,NCT03880487,Yes
6692,NCT03867357,Yes
1980,NCT03005639,Yes
1979,NCT04571697,Yes
2047,NCT03341078,Yes
2052,NCT03999099,Yes
6534,NCT04545385,Yes
2081,NCT03963375,Yes
6416,NCT03311126,Yes
6424,NCT00021814,Yes
6426,NCT04306705,Yes
2113,NCT03597516,Yes
6428,NCT04117607,Yes
6443,NCT03552263,Yes
2105,NCT04211545,Yes
6473,NCT00847912,Yes
2090,NCT03722589,Yes
2088,NCT04372108,Yes
2082,NCT03844412,Yes
6515,NCT03198819,Yes
6533,NCT03813238,Yes
2068,NCT03266939,Yes
6521,NCT04032171,Yes
6522,NCT04032158,Yes
6528,NCT04464707,Yes
2061,NCT04326036,Yes
2060,NCT03982602,Yes
6529,NCT04458857,Yes
6530,NCT04041284,Yes
6531,NCT03965091,Yes
6532,NCT03893825,Yes
2055,NCT02859142,Yes
6694,NCT03529487,Yes
1976,NCT04279392,Yes
6696,NCT03339258,Yes
1839,NCT02922127,Yes
6925,NCT03762772,Yes
6928,NCT04120363,Yes
6931,NCT03890666,Yes
7005,NCT03532139,Yes
7012,NCT03712098,Yes
7021,NCT03483649,Yes
7048,NCT01901887,Yes
7088,NCT03279120,Yes
7091,NCT04531592,Yes
7092,NCT04476901,Yes
7094,NCT04023084,Yes
7114,NCT02905981,Yes
6914,NCT04606342,Yes
7125,NCT04481048,Yes
7127,NCT04287478,Yes
7142,NCT01046825,Yes
1817,NCT03301298,Yes
7172,NCT03433183,Yes
1812,NCT03973177,Yes
1811,NCT03403621,Yes
1810,NCT03542435,Yes
1801,NCT03979209,Yes
1798,NCT03775668,Yes
7243,NCT03358563,Yes
1893,NCT03126331,Yes
1899,NCT03118297,Yes
6697,NCT03305055,Yes
1939,NCT04242173,Yes
6698,NCT03202303,Yes
6762,NCT04601532,Yes
6765,NCT04387227,Yes
1953,NCT03153202,Yes
6766,NCT04329065,Yes
6767,NCT04255498,Yes
6771,NCT03564782,Yes
6780,NCT02204098,Yes
1942,NCT03764683,Yes
6788,NCT00563784,Yes
6795,NCT02238483,Yes
6811,NCT04386317,Yes
6890,NCT03200886,Yes
6820,NCT04215445,Yes
6822,NCT03459846,Yes
6834,NCT03417388,Yes
6839,NCT03384914,Yes
6847,NCT03947216,Yes
6849,NCT02863809,Yes
6852,NCT00859781,Yes
1917,NCT03385057,Yes
6867,NCT03852628,Yes
6879,NCT03582176,Yes
6881,NCT04360044,Yes
8021,NCT04387734,Yes
1427,NCT00584805,Yes
8050,NCT03389750,Yes
8061,NCT02272998,Yes
8783,NCT02061423,Yes
1113,NCT02274389,Yes
8786,NCT03395314,Yes
8791,NCT03385486,Yes
8797,NCT03158038,Yes
1103,NCT04001803,Yes
8799,NCT03170206,Yes
8801,NCT03912350,Yes
8813,NCT01671332,Yes
8821,NCT03137082,Yes
8824,NCT04030962,Yes
8828,NCT04363242,Yes
8834,NCT04475523,Yes
1086,NCT00936715,Yes
8838,NCT03235219,Yes
8852,NCT03723395,Yes
1076,NCT04468360,Yes
8872,NCT04497116,Yes
8895,NCT04233918,Yes
8898,NCT04004325,Yes
8911,NCT00248612,Yes
8912,NCT03356639,Yes
8913,NCT03770780,Yes
8916,NCT03771586,Yes
8917,NCT04154670,Yes
8778,NCT04086264,Yes
8766,NCT04034004,Yes
1129,NCT03243305,Yes
8707,NCT03758625,Yes
8672,NCT04230499,Yes
8677,NCT03071406,Yes
8678,NCT02829931,Yes
8679,NCT02513563,Yes
8683,NCT02086604,Yes
8684,NCT03315507,Yes
8688,NCT04159896,Yes
8696,NCT03614949,Yes
8698,NCT03384836,Yes
1157,NCT03599739,Yes
8704,NCT02963090,Yes
1152,NCT03168854,Yes
8747,NCT04374630,Yes
8711,NCT02973399,Yes
8713,NCT04221997,Yes
8716,NCT03602014,Yes
1145,NCT03291782,Yes
1144,NCT04026321,Yes
8730,NCT04178577,Yes
8734,NCT02958969,Yes
1136,NCT03906006,Yes
8742,NCT04443088,Yes
8743,NCT04488575,Yes
1133,NCT03078751,Yes
8934,NCT03164967,Yes
8935,NCT03635905,Yes
8937,NCT03434769,Yes
9052,NCT04548648,Yes
9036,NCT04563026,Yes
9037,NCT04561362,Yes
9038,NCT04560673,Yes
9039,NCT04559230,Yes
9040,NCT04558567,Yes
9044,NCT04555811,Yes
9045,NCT04554914,Yes
9046,NCT04554212,Yes
9047,NCT04553133,Yes
9048,NCT04551677,Yes
9049,NCT04551430,Yes
9054,NCT04546581,Yes
9030,NCT04566445,Yes
9058,NCT04542304,Yes
9059,NCT04541550,Yes
9061,NCT04540120,Yes
9066,NCT04535986,Yes
9073,NCT04526665,Yes
9074,NCT04526509,Yes
9075,NCT04524962,Yes
9076,NCT04524858,Yes
9078,NCT04524273,Yes
9085,NCT04517552,Yes
9087,NCT04515576,Yes
9035,NCT04563754,Yes
9026,NCT04568616,Yes
8946,NCT01743976,Yes
8989,NCT04598321,Yes
8947,NCT03762161,Yes
8950,NCT03900949,Yes
8959,NCT03436953,Yes
1026,NCT03326596,Yes
8970,NCT04524351,Yes
8973,NCT02422485,Yes
8979,NCT04607668,Yes
8980,NCT04607200,Yes
8983,NCT04605549,Yes
8985,NCT04604275,Yes
8987,NCT04599881,Yes
1003,NCT03363464,Yes
9025,NCT04569747,Yes
8995,NCT04593784,Yes
8999,NCT04592549,Yes
9003,NCT04587713,Yes
9006,NCT04584710,Yes
9007,NCT04583501,Yes
9010,NCT04581603,Yes
9011,NCT04580797,Yes
9015,NCT04579393,Yes
9018,NCT04577001,Yes
9019,NCT04576871,Yes
9024,NCT04570839,Yes
8669,NCT01505868,Yes
8668,NCT03456804,Yes
8659,NCT03592264,Yes
8280,NCT01910402,Yes
8201,NCT03003949,Yes
1357,NCT02979613,Yes
8214,NCT03557294,Yes
8223,NCT00775476,Yes
8230,NCT03344419,Yes
1342,NCT03734237,Yes
8237,NCT04363450,Yes
8245,NCT03112720,Yes
8261,NCT03223337,Yes
8273,NCT03069352,Yes
8276,NCT02929485,Yes
8286,NCT03817931,Yes
8178,NCT02049541,Yes
1320,NCT03088111,Yes
8309,NCT04188106,Yes
8310,NCT03482440,Yes
8318,NCT04362189,Yes
8327,NCT04369742,Yes
8334,NCT04060030,Yes
8336,NCT04205539,Yes
8339,NCT03574584,Yes
8354,NCT03672240,Yes
8360,NCT00074802,Yes
8364,NCT04474405,Yes
8193,NCT04470544,Yes
8177,NCT02077959,Yes
1289,NCT03341754,Yes
8139,NCT03711500,Yes
1419,NCT03981952,Yes
8071,NCT03665675,Yes
8072,NCT03015896,Yes
1413,NCT03591510,Yes
8095,NCT04294966,Yes
8096,NCT03790358,Yes
1400,NCT00652574,Yes
8104,NCT04106882,Yes
8132,NCT03599193,Yes
1389,NCT02898779,Yes
8134,NCT00000273,Yes
1384,NCT03237364,Yes
1367,NCT02867358,Yes
1382,NCT04453293,Yes
8143,NCT03246113,Yes
8145,NCT01141049,Yes
8148,NCT03168529,Yes
1377,NCT03746847,Yes
8153,NCT03097016,Yes
8157,NCT03353922,Yes
8162,NCT04390243,Yes
8166,NCT02303392,Yes
8169,NCT01535924,Yes
8174,NCT02992522,Yes
8371,NCT03249103,Yes
8395,NCT03921242,Yes
1176,NCT02941042,Yes
8601,NCT04234568,Yes
8558,NCT04401904,Yes
1213,NCT03310580,Yes
1208,NCT04074928,Yes
8570,NCT02133846,Yes
8574,NCT03483441,Yes
1204,NCT03674970,Yes
8582,NCT04471337,Yes
8583,NCT04454424,Yes
8593,NCT03317795,Yes
8596,NCT03277573,Yes
1197,NCT04507204,Yes
8616,NCT03854032,Yes
8555,NCT03560232,Yes
8617,NCT03219307,Yes
8618,NCT02538614,Yes
8621,NCT04563520,Yes
8623,NCT04313504,Yes
8624,NCT04207060,Yes
8634,NCT02019667,Yes
8642,NCT03502681,Yes
8651,NCT03229057,Yes
1179,NCT01769456,Yes
1178,NCT01772823,Yes
8652,NCT04305457,Yes
1216,NCT03893032,Yes
8553,NCT03135249,Yes
1282,NCT02920398,Yes
8466,NCT00574769,Yes
8409,NCT01253161,Yes
8415,NCT03806751,Yes
8416,NCT02874989,Yes
8420,NCT02944578,Yes
8437,NCT00679289,Yes
1264,NCT03525561,Yes
8441,NCT00621530,Yes
8447,NCT04294264,Yes
8449,NCT03937687,Yes
8457,NCT02621944,Yes
8462,NCT03900754,Yes
8478,NCT02929667,Yes
8548,NCT04231851,Yes
1249,NCT02130323,Yes
8483,NCT04232657,Yes
8486,NCT03055598,Yes
8509,NCT01239368,Yes
8511,NCT03406260,Yes
8519,NCT03372811,Yes
8522,NCT03581877,Yes
8532,NCT01439750,Yes
1227,NCT04530136,Yes
8539,NCT03745040,Yes
1222,NCT04349176,Yes
6412,NCT03783702,Yes
6396,NCT02658877,Yes
9095,NCT04506567,Yes
4182,NCT03137264,Yes
4357,NCT04344873,Yes
4386,NCT03185871,Yes
3043,NCT02240407,Yes
3033,NCT03058692,Yes
4420,NCT04314713,Yes
4421,NCT04296279,Yes
4422,NCT04268420,Yes
4423,NCT03882528,Yes
4424,NCT03718130,Yes
4425,NCT03609398,Yes
4426,NCT03531242,Yes
4427,NCT03436160,Yes
4428,NCT03141138,Yes
4430,NCT02930226,Yes
4434,NCT02067676,Yes
3018,NCT02808143,Yes
4437,NCT01877421,Yes
4456,NCT00412477,Yes
4458,NCT00292942,Yes
4460,NCT00248833,Yes
4479,NCT03532958,Yes
4480,NCT03602118,Yes
4483,NCT03054103,Yes
2994,NCT03061188,Yes
4508,NCT01169259,Yes
4355,NCT03030885,Yes
4344,NCT02661542,Yes
3059,NCT03427411,Yes
4243,NCT00308061,Yes
4195,NCT03604705,Yes
3120,NCT02124044,Yes
4204,NCT03945981,Yes
4205,NCT04006119,Yes
4207,NCT04295538,Yes
4218,NCT04315311,Yes
4219,NCT02572323,Yes
4225,NCT03474029,Yes
3109,NCT04371536,Yes
4227,NCT04132557,Yes
4238,NCT03713320,Yes
4268,NCT03968848,Yes
4338,NCT04333576,Yes
3090,NCT04148118,Yes
3088,NCT03308721,Yes
3083,NCT03978442,Yes
4291,NCT03278808,Yes
4300,NCT03395119,Yes
4308,NCT04597437,Yes
4309,NCT01897896,Yes
4314,NCT03355794,Yes
4319,NCT04274907,Yes
4323,NCT02317250,Yes
3068,NCT03679676,Yes
2987,NCT04417361,Yes
2986,NCT01239095,Yes
4528,NCT04607642,Yes
2819,NCT03418649,Yes
2861,NCT04570475,Yes
4760,NCT03251911,Yes
2851,NCT04313088,Yes
4770,NCT00915681,Yes
2844,NCT02296840,Yes
2831,NCT02776917,Yes
4817,NCT03086395,Yes
4822,NCT03961555,Yes
4824,NCT03290963,Yes
4825,NCT04588727,Yes
4827,NCT03040791,Yes
2812,NCT03334786,Yes
2867,NCT02696148,Yes
4862,NCT01578499,Yes
4866,NCT04048707,Yes
4895,NCT03696290,Yes
4910,NCT04570449,Yes
4925,NCT01846182,Yes
4931,NCT04158830,Yes
4947,NCT03908255,Yes
4948,NCT03426891,Yes
4952,NCT03030599,Yes
2758,NCT04346615,Yes
4973,NCT02800642,Yes
2866,NCT01106456,Yes
4737,NCT01859026,Yes
2981,NCT04311294,Yes
4626,NCT03709888,Yes
4530,NCT03282916,Yes
2979,NCT03710161,Yes
2978,NCT03801863,Yes
4546,NCT03671785,Yes
4547,NCT03831165,Yes
2955,NCT03633708,Yes
2954,NCT03408483,Yes
2950,NCT03680495,Yes
4610,NCT03640312,Yes
2939,NCT04011748,Yes
2931,NCT00256217,Yes
4633,NCT02249650,Yes
2880,NCT01795586,Yes
4649,NCT03992872,Yes
4661,NCT04579120,Yes
2911,NCT03438227,Yes
2906,NCT02988245,Yes
2901,NCT04134923,Yes
2897,NCT04434664,Yes
2896,NCT03252223,Yes
4700,NCT02274012,Yes
2888,NCT03405792,Yes
2886,NCT04216342,Yes
4722,NCT02094898,Yes
4186,NCT04357730,Yes
4181,NCT04200443,Yes
2128,NCT04576949,Yes
3131,NCT03465917,Yes
3319,NCT03173950,Yes
3689,NCT03812263,Yes
3690,NCT04468776,Yes
3701,NCT01742117,Yes
3313,NCT03781115,Yes
3706,NCT02824276,Yes
3729,NCT02191137,Yes
3309,NCT03399370,Yes
3738,NCT03256344,Yes
3742,NCT01638104,Yes
3303,NCT03196297,Yes
3743,NCT04461353,Yes
3745,NCT03588741,Yes
3746,NCT02987257,Yes
3766,NCT03976869,Yes
3775,NCT03636477,Yes
3782,NCT03969329,Yes
3803,NCT03553576,Yes
3804,NCT04482699,Yes
3276,NCT02118012,Yes
3825,NCT04408794,Yes
3273,NCT03233724,Yes
3834,NCT02519777,Yes
3835,NCT03422510,Yes
3843,NCT03500159,Yes
3676,NCT03790137,Yes
3663,NCT03676023,Yes
3661,NCT04495569,Yes
3520,NCT03818737,Yes
3425,NCT03329001,Yes
3391,NCT04070573,Yes
3390,NCT02774317,Yes
3437,NCT03723655,Yes
3457,NCT03282669,Yes
3458,NCT00566995,Yes
3487,NCT01482962,Yes
3488,NCT03201159,Yes
3498,NCT03686618,Yes
3513,NCT03560271,Yes
3518,NCT03219359,Yes
3557,NCT03652740,Yes
3660,NCT03224819,Yes
3566,NCT02021604,Yes
3574,NCT04598295,Yes
3592,NCT03361800,Yes
3606,NCT04002830,Yes
3609,NCT03966053,Yes
3621,NCT03814798,Yes
3339,NCT01578317,Yes
3639,NCT04274894,Yes
3650,NCT03739021,Yes
3655,NCT03992469,Yes
3659,NCT01660607,Yes
3267,NCT00911820,Yes
3265,NCT04273191,Yes
3850,NCT04394234,Yes
3166,NCT03003728,Yes
3182,NCT03462966,Yes
3180,NCT04287868,Yes
4080,NCT03077438,Yes
4088,NCT03702920,Yes
4089,NCT02199691,Yes
4098,NCT02887183,Yes
4101,NCT03870334,Yes
4102,NCT03892889,Yes
4104,NCT03289676,Yes
4110,NCT04009291,Yes
4112,NCT03606655,Yes
4113,NCT04368988,Yes
3189,NCT01884740,Yes
3163,NCT03452579,Yes
4128,NCT03481894,Yes
3155,NCT04476251,Yes
4133,NCT04554966,Yes
4135,NCT04120194,Yes
4137,NCT03378219,Yes
4138,NCT04514653,Yes
4158,NCT02842853,Yes
4162,NCT00979238,Yes
4166,NCT03401385,Yes
3135,NCT02461758,Yes
4060,NCT02842866,Yes
4054,NCT03196375,Yes
3864,NCT03924414,Yes
3965,NCT03254199,Yes
3866,NCT04504734,Yes
3886,NCT04130516,Yes
3253,NCT03671746,Yes
3890,NCT03789591,Yes
3893,NCT04589819,Yes
3900,NCT03305016,Yes
3925,NCT04387305,Yes
3941,NCT03060538,Yes
3951,NCT03278626,Yes
3955,NCT02720510,Yes
3961,NCT03260920,Yes
3223,NCT01440803,Yes
4052,NCT02730819,Yes
3966,NCT03344458,Yes
3983,NCT01956669,Yes
3988,NCT04324359,Yes
3990,NCT03460743,Yes
3995,NCT02262806,Yes
4001,NCT03110354,Yes
4021,NCT04567511,Yes
4030,NCT03603496,Yes
4031,NCT02588651,Yes
4034,NCT00799617,Yes
4041,NCT03117998,Yes
2751,NCT03930745,Yes
4985,NCT03785678,Yes
2744,NCT03837860,Yes
2738,NCT03338114,Yes
5899,NCT04302181,Yes
2326,NCT04018417,Yes
2318,NCT03112993,Yes
2317,NCT04450316,Yes
2315,NCT02781844,Yes
2311,NCT04357587,Yes
5974,NCT04589611,Yes
5979,NCT04512105,Yes
5980,NCT04363164,Yes
5984,NCT04249544,Yes
5986,NCT04171115,Yes
5987,NCT04144257,Yes
5989,NCT04136548,Yes
5991,NCT04024878,Yes
2278,NCT04587115,Yes
5999,NCT03861390,Yes
2273,NCT03798691,Yes
6004,NCT03763643,Yes
6007,NCT03686813,Yes
6010,NCT03621085,Yes
6011,NCT03615196,Yes
6012,NCT03552705,Yes
6014,NCT03535688,Yes
6016,NCT03463239,Yes
6021,NCT03387553,Yes
5884,NCT02749968,Yes
2336,NCT03984838,Yes
2337,NCT04374552,Yes
5790,NCT03361384,Yes
5740,NCT04418518,Yes
5751,NCT03860077,Yes
5752,NCT03881020,Yes
5759,NCT03848221,Yes
5764,NCT00923247,Yes
5766,NCT04028960,Yes
5768,NCT02281760,Yes
2379,NCT03623633,Yes
5770,NCT02484248,Yes
5771,NCT03882437,Yes
5788,NCT04603794,Yes
2366,NCT04033432,Yes
2338,NCT03240068,Yes
5808,NCT02249182,Yes
5813,NCT04358549,Yes
5814,NCT03194685,Yes
5817,NCT03654053,Yes
2354,NCT03219372,Yes
5836,NCT02081391,Yes
5841,NCT02796651,Yes
5850,NCT03164616,Yes
5855,NCT03293524,Yes
5871,NCT03250338,Yes
5875,NCT03406104,Yes
2251,NCT00587990,Yes
6022,NCT03366844,Yes
6024,NCT03266965,Yes
6296,NCT02953860,Yes
6241,NCT04573920,Yes
6242,NCT04573478,Yes
6248,NCT04333459,Yes
2184,NCT03606460,Yes
6265,NCT01290601,Yes
2180,NCT03420638,Yes
6278,NCT00370682,Yes
6283,NCT00287469,Yes
6290,NCT03295695,Yes
6292,NCT03796884,Yes
6295,NCT02955394,Yes
6299,NCT01326104,Yes
2193,NCT03709823,Yes
6308,NCT04225598,Yes
2163,NCT03508739,Yes
2151,NCT04258397,Yes
6339,NCT03831321,Yes
6344,NCT02932475,Yes
6347,NCT03486353,Yes
6348,NCT04603911,Yes
2139,NCT04155047,Yes
6367,NCT03776994,Yes
6373,NCT04396717,Yes
6387,NCT03516838,Yes
6228,NCT02706847,Yes
6223,NCT02706951,Yes
6025,NCT03258658,Yes
2225,NCT03236155,Yes
6027,NCT03197922,Yes
6030,NCT03150511,Yes
2243,NCT04310527,Yes
6035,NCT03078530,Yes
2238,NCT01050907,Yes
6037,NCT02988401,Yes
6040,NCT02922894,Yes
6045,NCT02679560,Yes
6053,NCT02391025,Yes
6059,NCT02317640,Yes
6064,NCT02104713,Yes
2218,NCT01702428,Yes
6222,NCT02675426,Yes
6147,NCT00763009,Yes
2216,NCT04031729,Yes
6155,NCT00656019,Yes
6162,NCT00583752,Yes
6163,NCT00583024,Yes
6170,NCT00411632,Yes
2211,NCT02934191,Yes
6190,NCT03418857,Yes
6192,NCT03821402,Yes
6200,NCT02666742,Yes
6221,NCT02629159,Yes
5730,NCT03080493,Yes
5728,NCT03775096,Yes
5725,NCT04432272,Yes
2582,NCT02124824,Yes
2619,NCT02841280,Yes
2617,NCT02932579,Yes
2613,NCT03432897,Yes
5291,NCT03050814,Yes
5294,NCT03808740,Yes
5322,NCT03152409,Yes
2588,NCT02414178,Yes
5326,NCT03048500,Yes
5329,NCT02638090,Yes
2585,NCT04322149,Yes
5332,NCT01894451,Yes
5335,NCT04399889,Yes
5261,NCT00385762,Yes
2578,NCT04510168,Yes
5340,NCT03811847,Yes
5341,NCT03122301,Yes
5347,NCT01615055,Yes
2569,NCT02787928,Yes
2567,NCT00004992,Yes
5349,NCT00351416,Yes
2564,NCT03451071,Yes
5359,NCT01133275,Yes
5363,NCT03756454,Yes
2557,NCT03597620,Yes
2621,NCT03050554,Yes
5252,NCT04015778,Yes
5395,NCT03224507,Yes
5155,NCT04168203,Yes
5027,NCT03779191,Yes
2727,NCT03029702,Yes
5035,NCT03349775,Yes
2723,NCT03822182,Yes
5038,NCT02036502,Yes
5073,NCT04502589,Yes
2707,NCT02939287,Yes
2697,NCT01863719,Yes
5130,NCT03009045,Yes
2688,NCT04105166,Yes
2683,NCT03004443,Yes
2672,NCT03294538,Yes
5231,NCT03018106,Yes
5175,NCT02945046,Yes
2665,NCT03199313,Yes
5176,NCT02964338,Yes
5186,NCT01657760,Yes
5210,NCT03308565,Yes
5212,NCT04458545,Yes
5218,NCT02138838,Yes
2639,NCT03075670,Yes
2637,NCT04276558,Yes
2636,NCT03791814,Yes
5224,NCT04047251,Yes
5371,NCT03529422,Yes
5405,NCT02839915,Yes
5719,NCT03541187,Yes
5647,NCT02442739,Yes
5597,NCT03071744,Yes
5603,NCT03542812,Yes
5608,NCT02475707,Yes
5609,NCT03786120,Yes
2454,NCT03333109,Yes
5615,NCT02494167,Yes
2452,NCT02861131,Yes
5628,NCT03746769,Yes
5632,NCT03440450,Yes
2445,NCT01862536,Yes
5646,NCT01145209,Yes
2433,NCT03379558,Yes
5594,NCT02600819,Yes
5664,NCT01744782,Yes
5667,NCT02836288,Yes
2428,NCT03737370,Yes
5670,NCT02262832,Yes
5673,NCT04296942,Yes
5680,NCT03350217,Yes
5683,NCT00923936,Yes
5694,NCT03789097,Yes
2403,NCT03960970,Yes
5709,NCT00326495,Yes
2399,NCT02840097,Yes
2463,NCT03742258,Yes
5593,NCT03478878,Yes
5407,NCT03795233,Yes
5525,NCT01443728,Yes
5408,NCT02853617,Yes
2537,NCT04433546,Yes
5417,NCT03431831,Yes
5422,NCT03782480,Yes
5490,NCT02040142,Yes
5492,NCT04027946,Yes
5498,NCT03451773,Yes
5503,NCT03532776,Yes
2502,NCT02404896,Yes
5519,NCT01553461,Yes
2497,NCT03195205,Yes
5529,NCT04396873,Yes
5592,NCT03625349,Yes
5531,NCT02362425,Yes
5538,NCT01160458,Yes
5550,NCT04145323,Yes
2483,NCT03337113,Yes
5553,NCT03253744,Yes
5558,NCT03020719,Yes
5567,NCT02907983,Yes
5572,NCT02440061,Yes
5574,NCT03478865,Yes
5580,NCT03194906,Yes
2467,NCT03426137,Yes
9092,NCT04510298,Yes
3411,NCT03187080,Yes
9621,NCT04044430,Yes
9364,NCT04259645,Yes
9452,NCT04188873,Yes
9895,NCT03833921,Yes
9814,NCT03887429,Yes
9252,NCT04353206,Yes
9251,NCT04354246,Yes
9811,NCT03891784,Yes
9249,NCT04354467,Yes
9529,NCT04109924,Yes
9530,NCT04109222,Yes
9248,NCT04355143,Yes
9531,NCT04108858,Yes
9534,NCT04104321,Yes
9893,NCT03837353,Yes
9246,NCT04355897,Yes
9901,NCT03829566,Yes
9684,NCT03997812,Yes
9758,NCT03936465,Yes
9903,NCT03828682,Yes
9450,NCT04195399,Yes
9759,NCT03933904,Yes
9240,NCT04365153,Yes
9367,NCT04257136,Yes
9539,NCT04103060,Yes
9540,NCT04098744,Yes
9255,NCT04349436,Yes
114,NCT03382418,Yes
9357,NCT04264897,Yes
9517,NCT04119024,Yes
9882,NCT03843528,Yes
9358,NCT04263831,Yes
9819,NCT03882762,Yes
9883,NCT03843294,Yes
9697,NCT03985423,Yes
9885,NCT03842254,Yes
9268,NCT04341311,Yes
9267,NCT04341675,Yes
9266,NCT04341727,Yes
9361,NCT04262869,Yes
9818,NCT03883581,Yes
9265,NCT04342663,Yes
9257,NCT04348708,Yes
9264,NCT04342689,Yes
9817,NCT03883607,Yes
9454,NCT04188262,Yes
9519,NCT04118153,Yes
9520,NCT04118036,Yes
9891,NCT03838367,Yes
9261,NCT04344184,Yes
9521,NCT04116112,Yes
9260,NCT04344457,Yes
9692,NCT03991169,Yes
9258,NCT04344860,Yes
9682,NCT03999684,Yes
9810,NCT03895684,Yes
9237,NCT04368364,Yes
9766,NCT03929211,Yes
9208,NCT04391179,Yes
9207,NCT04392232,Yes
9804,NCT03899805,Yes
9674,NCT04002362,Yes
9204,NCT04398368,Yes
9203,NCT04398745,Yes
9202,NCT04399980,Yes
9803,NCT03900793,Yes
9199,NCT04401527,Yes
9670,NCT04003987,Yes
9668,NCT04007588,Yes
9443,NCT04203225,Yes
9760,NCT03933631,Yes
9193,NCT04407377,Yes
9550,NCT04091061,Yes
9929,NCT03810703,Yes
9551,NCT04091022,Yes
9191,NCT04410302,Yes
9189,NCT04411667,Yes
9553,NCT04090775,Yes
9931,NCT03810417,Yes
9932,NCT03807739,Yes
9767,NCT03928288,Yes
9554,NCT04090684,Yes
9444,NCT04201145,Yes
9212,NCT04388319,Yes
9213,NCT04387084,Yes
9546,NCT04093050,Yes
9679,NCT04000555,Yes
9234,NCT04372433,Yes
9233,NCT04372641,Yes
9907,NCT03823911,Yes
9232,NCT04373044,Yes
9231,NCT04374305,Yes
9230,NCT04374565,Yes
9910,NCT03822962,Yes
9808,NCT03897543,Yes
9228,NCT04375813,Yes
9227,NCT04378075,Yes
9446,NCT04200573,Yes
9912,NCT03821246,Yes
9914,NCT03819881,Yes
9223,NCT04379011,Yes
9916,NCT03819387,Yes
9544,NCT04094857,Yes
9762,NCT03933488,Yes
9918,NCT03818191,Yes
9217,NCT04383938,Yes
9369,NCT04256317,Yes
9370,NCT04254692,Yes
9215,NCT04386057,Yes
9881,NCT03844906,Yes
9750,NCT03940950,Yes
71,NCT03353480,Yes
9314,NCT04305184,Yes
9480,NCT04153188,Yes
9465,NCT04174677,Yes
9723,NCT03964532,Yes
9341,NCT04279847,Yes
9830,NCT03878589,Yes
9464,NCT04176172,Yes
9845,NCT03867682,Yes
9482,NCT04152473,Yes
9721,NCT03967093,Yes
9483,NCT04150913,Yes
9315,NCT04305145,Yes
9846,NCT03867539,Yes
9479,NCT04154774,Yes
9313,NCT04305587,Yes
9486,NCT04148352,Yes
9487,NCT04146051,Yes
9739,NCT03948386,Yes
9310,NCT04305743,Yes
9309,NCT04306146,Yes
9853,NCT03865212,Yes
9304,NCT04311619,Yes
9742,NCT03945721,Yes
9303,NCT04313400,Yes
9490,NCT04145375,Yes
9339,NCT04282668,Yes
9320,NCT04299438,Yes
9456,NCT04188015,Yes
9727,NCT03962725,Yes
9331,NCT04291755,Yes
9833,NCT03876028,Yes
9731,NCT03961308,Yes
9470,NCT04170738,Yes
9330,NCT04292119,Yes
9729,NCT03961932,Yes
9471,NCT04169321,Yes
9728,NCT03962049,Yes
9835,NCT03875287,Yes
9836,NCT03875209,Yes
9733,NCT03956056,Yes
9327,NCT04294004,Yes
9478,NCT04160000,Yes
9336,NCT04284514,Yes
9326,NCT04294043,Yes
9325,NCT04294225,Yes
9468,NCT04171817,Yes
9840,NCT03874052,Yes
9324,NCT04294641,Yes
9322,NCT04295642,Yes
9726,NCT03962894,Yes
9736,NCT03953898,Yes
9477,NCT04160065,Yes
9466,NCT04174352,Yes
9301,NCT04315558,Yes
9491,NCT04144023,Yes
9860,NCT03862053,Yes
9877,NCT03848403,Yes
9284,NCT04328467,Yes
9507,NCT04126070,Yes
9510,NCT04124939,Yes
9872,NCT03849456,Yes
9350,NCT04270682,Yes
9283,NCT04329832,Yes
9282,NCT04330183,Yes
9711,NCT03978598,Yes
9748,NCT03941743,Yes
9512,NCT04123574,Yes
9822,NCT03881735,Yes
9278,NCT04332523,Yes
9492,NCT04143711,Yes
9708,NCT03980561,Yes
9706,NCT03980769,Yes
9878,NCT03847467,Yes
9749,NCT03941730,Yes
9275,NCT04334382,Yes
9274,NCT04335682,Yes
9704,NCT03982069,Yes
9353,NCT04269707,Yes
9703,NCT03982160,Yes
9820,NCT03882359,Yes
9356,NCT04267250,Yes
9349,NCT04273139,Yes
138,NCT03965195,Yes
9713,NCT03976102,Yes
9506,NCT04126096,Yes
9827,NCT03880656,Yes
9493,NCT04142983,Yes
9862,NCT03861091,Yes
9343,NCT04278781,Yes
9296,NCT04318145,Yes
9746,NCT03943238,Yes
9463,NCT04178993,Yes
9718,NCT03971799,Yes
9294,NCT04319198,Yes
9717,NCT03972228,Yes
9462,NCT04179474,Yes
9293,NCT04319224,Yes
9496,NCT04137536,Yes
9497,NCT04134884,Yes
9498,NCT04134715,Yes
9499,NCT04134559,Yes
9867,NCT03854721,Yes
9348,NCT04273282,Yes
9715,NCT03976050,Yes
9823,NCT03881449,Yes
9714,NCT03976076,Yes
9503,NCT04129060,Yes
9504,NCT04128995,Yes
9934,NCT03805438,Yes
9332,NCT04291066,Yes
9186,NCT04415073,Yes
9965,NCT03787680,Yes
9149,NCT04463394,Yes
9575,NCT04079179,Yes
9602,NCT04055168,Yes
9986,NCT03772925,Yes
9640,NCT04026711,Yes
9118,NCT04486313,Yes
9389,NCT04240756,Yes
9601,NCT04055623,Yes
9120,NCT04485559,Yes
9579,NCT04074343,Yes
9121,NCT04485026,Yes
9122,NCT04485013,Yes
9960,NCT03792516,Yes
9961,NCT03792477,Yes
40,NCT02959827,Yes
9423,NCT04218799,Yes
9638,NCT04032834,Yes
9985,NCT03773107,Yes
9964,NCT03787758,Yes
9150,NCT04462770,Yes
9151,NCT04461795,Yes
9426,NCT04214301,Yes
9982,NCT03774654,Yes
49,NCT02773979,Yes
9110,NCT04495283,Yes
9156,NCT04452500,Yes
9569,NCT04082481,Yes
9111,NCT04495257,Yes
9786,NCT03913260,Yes
9427,NCT04214249,Yes
9571,NCT04081272,Yes
9778,NCT03919175,Yes
9958,NCT03793829,Yes
9604,NCT04054687,Yes
9152,NCT04460872,Yes
9603,NCT04055012,Yes
9987,NCT03771963,Yes
9573,NCT04080531,Yes
9116,NCT04486716,Yes
9643,NCT04025372,Yes
9777,NCT03920878,Yes
9146,NCT04466098,Yes
9775,NCT03922204,Yes
9988,NCT03771638,Yes
9583,NCT04072458,Yes
9977,NCT03778294,Yes
9136,NCT04477642,Yes
9790,NCT03910114,Yes
9634,NCT04037865,Yes
9135,NCT04478617,Yes
9590,NCT04064190,Yes
9416,NCT04222712,Yes
9134,NCT04478695,Yes
9133,NCT04478708,Yes
9591,NCT04060849,Yes
9592,NCT04059523,Yes
9132,NCT04479514,Yes
9395,NCT04236635,Yes
9789,NCT03912064,Yes
9980,NCT03776539,Yes
9595,NCT04058145,Yes
9598,NCT04056468,Yes
9130,NCT04480086,Yes
9596,NCT04057365,Yes
9127,NCT04482712,Yes
9393,NCT04238481,Yes
9126,NCT04483206,Yes
9141,NCT04469920,Yes
9422,NCT04219280,Yes
9584,NCT04072445,Yes
9968,NCT03785366,Yes
9143,NCT04467723,Yes
33,NCT02334462,Yes
9555,NCT04090528,Yes
9142,NCT04469530,Yes
9599,NCT04056455,Yes
9420,NCT04220190,Yes
9125,NCT04483440,Yes
9124,NCT04484337,Yes
9392,NCT04239040,Yes
9972,NCT03781986,Yes
9633,NCT04038125,Yes
9588,NCT04068649,Yes
9974,NCT03781323,Yes
9415,NCT04223635,Yes
9137,NCT04474210,Yes
9161,NCT04448834,Yes
9645,NCT04022980,Yes
9983,NCT03773666,Yes
9385,NCT04242147,Yes
9658,NCT04017130,Yes
9182,NCT04421560,Yes
9994,NCT03769116,Yes
9563,NCT04087096,Yes
9380,NCT04246996,Yes
9623,NCT04042506,Yes
9942,NCT03802994,Yes
9943,NCT03801369,Yes
9410,NCT04227847,Yes
9612,NCT04049227,Yes
9654,NCT04017936,Yes
9945,NCT03799848,Yes
8,NCT03972358,Yes
9170,NCT04436029,Yes
9611,NCT04049331,Yes
9769,NCT03927105,Yes
9098,NCT04505410,Yes
9660,NCT04016077,Yes
9102,NCT04501796,Yes
9408,NCT04228289,Yes
9997,NCT03767738,Yes
9995,NCT03768310,Yes
9616,NCT04047420,Yes
9559,NCT04088357,Yes
9624,NCT04040205,Yes
9940,NCT03803553,Yes
9438,NCT04207255,Yes
9100,NCT04502407,Yes
9561,NCT04088123,Yes
9625,NCT04039087,Yes
9181,NCT04422912,Yes
9099,NCT04502706,Yes
9656,NCT04017390,Yes
9407,NCT04229979,Yes
9659,NCT04016233,Yes
9105,NCT04498520,Yes
9183,NCT04419389,Yes
53,NCT03197688,Yes
9627,NCT04038840,Yes
9164,NCT04443608,Yes
9434,NCT04209790,Yes
9949,NCT03797612,Yes
9399,NCT04235686,Yes
9432,NCT04210180,Yes
9185,NCT04417699,Yes
9651,NCT04019197,Yes
9802,NCT03901378,Yes
9771,NCT03926741,Yes
9377,NCT04251026,Yes
9431,NCT04210427,Yes
9163,NCT04444050,Yes
9403,NCT04233073,Yes
9435,NCT04209049,Yes
9947,NCT03798314,Yes
58,NCT02987335,Yes
9566,NCT04084210,Yes
9938,NCT03803761,Yes
9653,NCT04018274,Yes
9406,NCT04231318,Yes
9618,NCT04046549,Yes
9381,NCT04243486,Yes
9652,NCT04018599,Yes
9609,NCT04049669,Yes
9166,NCT04440007,Yes
9937,NCT03804021,Yes
5304,NCT03887390,No
5310,NCT03206164,No
9732,NCT03956797,No
5012,NCT04041297,No
5303,NCT04113421,No
5042,NCT03285191,No
5307,NCT04570293,No
5351,NCT03279913,No
5014,NCT04168658,No
5306,NCT03678207,No
5305,NCT04212962,No
5041,NCT03914365,No
5350,NCT03683147,No
5309,NCT03843021,No
5339,NCT03465813,No
5348,NCT03864302,No
9743,NCT03945474,No
5026,NCT02233517,No
5036,NCT04279704,No
5331,NCT04586387,No
9741,NCT03947749,No
9740,NCT03948139,No
5333,NCT00904046,No
5334,NCT03646084,No
5034,NCT03372018,No
9779,NCT03917160,No
5029,NCT02801747,No
5030,NCT04313296,No
9738,NCT03951610,No
5031,NCT04540003,No
5337,NCT03589703,No
5338,NCT04114526,No
5025,NCT04026399,No
5022,NCT03308097,No
5040,NCT03102580,No
9737,NCT03951883,No
5311,NCT03610555,No
5313,NCT04562948,No
5314,NCT04533386,No
5321,NCT03718585,No
9780,NCT03916822,No
5015,NCT04266938,No
5039,NCT03291808,No
9734,NCT03954977,No
9745,NCT03944746,No
9735,NCT03954392,No
5017,NCT03923491,No
9776,NCT03921814,No
5342,NCT03769571,No
9744,NCT03945383,No
5020,NCT04397055,No
5344,NCT03153397,No
9773,NCT03922724,No
5045,NCT04163627,No
5196,NCT03758742,No
5142,NCT04565028,No
5353,NCT03880812,No
5203,NCT03119363,No
5206,NCT04151186,No
5208,NCT03989063,No
5141,NCT03978533,No
5211,NCT04518670,No
9761,NCT03933540,No
5138,NCT04287361,No
5213,NCT03126253,No
5133,NCT03818789,No
5214,NCT04275180,No
5216,NCT03844867,No
5217,NCT03666247,No
9770,NCT03927053,No
5131,NCT03232086,No
5219,NCT03451461,No
5221,NCT02257372,No
5118,NCT04248751,No
5112,NCT03501082,No
5222,NCT04184843,No
5109,NCT02839785,No
5103,NCT03724487,No
5144,NCT03041077,No
5193,NCT03674216,No
5299,NCT03475420,No
5146,NCT04164537,No
5166,NCT03555370,No
5167,NCT03808545,No
5170,NCT00129662,No
5165,NCT04536350,No
5162,NCT04500626,No
5172,NCT02500589,No
5173,NCT03528382,No
5174,NCT03694028,No
5159,NCT03710356,No
9765,NCT03929237,No
9764,NCT03931746,No
5178,NCT03450135,No
5158,NCT00341094,No
5179,NCT03731000,No
5180,NCT03007485,No
5183,NCT04276051,No
9768,NCT03928041,No
5184,NCT03373916,No
5153,NCT03283657,No
9763,NCT03931772,No
5188,NCT03442192,No
5190,NCT04108052,No
5152,NCT03255564,No
9757,NCT03936985,No
5100,NCT03832283,No
9756,NCT03937453,No
5098,NCT03741335,No
5268,NCT03780413,No
5077,NCT03337438,No
5269,NCT04250779,No
5075,NCT03662412,No
5275,NCT04073667,No
5074,NCT04247087,No
9774,NCT03922529,No
5277,NCT03177447,No
5069,NCT03858868,No
5063,NCT03411057,No
5278,NCT03806257,No
5283,NCT03161795,No
5285,NCT03207711,No
5062,NCT02341326,No
5286,NCT03495388,No
5287,NCT04197674,No
5289,NCT04171921,No
9747,NCT03942549,No
5058,NCT03457272,No
5049,NCT03491202,No
5295,NCT03615469,No
5297,NCT04040010,No
5298,NCT04323774,No
9751,NCT03940508,No
5267,NCT02990377,No
5079,NCT04396431,No
5247,NCT04421755,No
9772,NCT03924557,No
5095,NCT03365063,No
5230,NCT04356274,No
9755,NCT03937531,No
5236,NCT04041687,No
5237,NCT04446468,No
5238,NCT04267978,No
5239,NCT04609995,No
5242,NCT02540512,No
5243,NCT03743337,No
9754,NCT03938077,No
9752,NCT03938974,No
5093,NCT03069092,No
5255,NCT03856320,No
9753,NCT03938103,No
5092,NCT04590521,No
5263,NCT04555239,No
5089,NCT03869138,No
5088,NCT04032613,No
5086,NCT03520400,No
5084,NCT01960465,No
5082,NCT04300699,No
5199,NCT04334278,No
9705,NCT03981978,No
5358,NCT04236804,No
5826,NCT04515069,No
5775,NCT04504604,No
5784,NCT03067649,No
5785,NCT03634527,No
9657,NCT04017312,No
5793,NCT03913715,No
5797,NCT04073901,No
5802,NCT03198156,No
9655,NCT04017910,No
5806,NCT03980808,No
5807,NCT04173806,No
5811,NCT03581565,No
5812,NCT03111550,No
5815,NCT04378101,No
5827,NCT04181034,No
5772,NCT03828708,No
9650,NCT04020822,No
5828,NCT03411577,No
5830,NCT04316429,No
5832,NCT04463264,No
5833,NCT04132739,No
5834,NCT04495634,No
9649,NCT04021602,No
9648,NCT04021771,No
5849,NCT02297126,No
9647,NCT04022707,No
9646,NCT04022889,No
5865,NCT03157531,No
5867,NCT04227405,No
5774,NCT03336255,No
5769,NCT03266003,No
9730,NCT03961633,No
9671,NCT04003051,No
5695,NCT04475172,No
5696,NCT02994108,No
5697,NCT04330235,No
5698,NCT03089684,No
5700,NCT01794949,No
5702,NCT03052530,No
5703,NCT04241471,No
5704,NCT04240483,No
5707,NCT03267563,No
9673,NCT04002440,No
5713,NCT03834025,No
5717,NCT03723928,No
9672,NCT04002882,No
5723,NCT03928067,No
9661,NCT04015167,No
5727,NCT01906437,No
9669,NCT04004598,No
5734,NCT02739464,No
9667,NCT04007666,No
5743,NCT03716505,No
9666,NCT04009447,No
9665,NCT04010227,No
5758,NCT02236390,No
9664,NCT04014400,No
5761,NCT03711747,No
9663,NCT04015128,No
5765,NCT03184025,No
9662,NCT04015154,No
5874,NCT04307420,No
9644,NCT04024631,No
9642,NCT04025463,No
5988,NCT04140708,No
5975,NCT04587583,No
5976,NCT04571008,No
5977,NCT04517994,No
5978,NCT04515212,No
9632,NCT04038463,No
9631,NCT04038541,No
5981,NCT04356859,No
5982,NCT04293016,No
5983,NCT04275973,No
9630,NCT04038580,No
5985,NCT04232670,No
9629,NCT04038671,No
9628,NCT04038697,No
5990,NCT04051242,No
9641,NCT04026581,No
9626,NCT04038944,No
5992,NCT04001790,No
5993,NCT03984487,No
5994,NCT03927404,No
5995,NCT03921658,No
5996,NCT03900845,No
5997,NCT03898271,No
5998,NCT03873610,No
6000,NCT03851406,No
6001,NCT03803332,No
6002,NCT03789396,No
6003,NCT03769259,No
9622,NCT04044391,No
5972,NCT03029884,No
5971,NCT04162847,No
5969,NCT03763747,No
5968,NCT02367521,No
5879,NCT03486561,No
5893,NCT03453554,No
5895,NCT04446442,No
9639,NCT04027010,No
5900,NCT03433261,No
5902,NCT02632422,No
5906,NCT02006433,No
5920,NCT04021342,No
5921,NCT02139722,No
5922,NCT03662308,No
5924,NCT03341000,No
5930,NCT04169412,No
5934,NCT03121027,No
5936,NCT04261842,No
5937,NCT03736356,No
9637,NCT04033081,No
9636,NCT04033237,No
5938,NCT02319967,No
9635,NCT04036396,No
5942,NCT03725332,No
5945,NCT03685058,No
5946,NCT04210076,No
5950,NCT03526146,No
5955,NCT04255953,No
5960,NCT04120584,No
5961,NCT04073225,No
5967,NCT02632552,No
9675,NCT04002102,No
5693,NCT03707080,No
5690,NCT04540952,No
5504,NCT04011059,No
5462,NCT03429985,No
5463,NCT04561050,No
5464,NCT02828280,No
5472,NCT04297761,No
5473,NCT03944616,No
5474,NCT04564599,No
5484,NCT03750838,No
5485,NCT03551080,No
5486,NCT03533556,No
9719,NCT03970512,No
5491,NCT03501420,No
5502,NCT03538639,No
9716,NCT03975465,No
5505,NCT03716440,No
5539,NCT03839589,No
5506,NCT03487692,No
5512,NCT04567238,No
5513,NCT03294473,No
5515,NCT02759744,No
5521,NCT03175536,No
5523,NCT03478852,No
5524,NCT03517397,No
9712,NCT03976258,No
5527,NCT04592978,No
5528,NCT02592070,No
5530,NCT04036006,No
9710,NCT03979846,No
5537,NCT03860818,No
5459,NCT02974582,No
5443,NCT00391365,No
5439,NCT04482361,No
5437,NCT04160975,No
5362,NCT03451630,No
5366,NCT03116243,No
5367,NCT00341627,No
5372,NCT04431063,No
5373,NCT04294095,No
5374,NCT03971448,No
5378,NCT03297645,No
5380,NCT03681353,No
5391,NCT00305097,No
5393,NCT03438682,No
5396,NCT03956810,No
5401,NCT03327883,No
5403,NCT03125291,No
9725,NCT03963908,No
9724,NCT03964454,No
5410,NCT03542084,No
5411,NCT04313049,No
9722,NCT03966872,No
5412,NCT04429789,No
5420,NCT03815214,No
5421,NCT03590509,No
9720,NCT03969589,No
5424,NCT03658499,No
5426,NCT04308356,No
5427,NCT03056625,No
5432,NCT03551184,No
5434,NCT04217902,No
9709,NCT03979885,No
5544,NCT03246100,No
5685,NCT03933085,No
9683,NCT03997916,No
5631,NCT04132700,No
9687,NCT03995979,No
9686,NCT03996707,No
5633,NCT03098082,No
5637,NCT03822403,No
5639,NCT03326401,No
5640,NCT02393365,No
5641,NCT03579225,No
5642,NCT04103164,No
9685,NCT03997604,No
5648,NCT03048786,No
5649,NCT03114410,No
5650,NCT04251208,No
5661,NCT03226054,No
5546,NCT04492592,No
5665,NCT03231579,No
9681,NCT03999957,No
9680,NCT04000256,No
5669,NCT04311736,No
5672,NCT03813628,No
9678,NCT04000880,No
5674,NCT03913676,No
5675,NCT00958061,No
5678,NCT04087304,No
9677,NCT04001946,No
5681,NCT03409367,No
5682,NCT04535180,No
9676,NCT04002063,No
5630,NCT01410084,No
9688,NCT03995316,No
5626,NCT03107546,No
5618,NCT03759236,No
9707,NCT03980743,No
5007,NCT03020758,No
5559,NCT03429322,No
5561,NCT03579108,No
5570,NCT01458132,No
9702,NCT03982342,No
5575,NCT02546479,No
5577,NCT03294551,No
5578,NCT03505567,No
9701,NCT03983681,No
5583,NCT03612271,No
5589,NCT03158740,No
5591,NCT03552978,No
9700,NCT03984409,No
9699,NCT03984929,No
9698,NCT03984994,No
9696,NCT03985852,No
9695,NCT03989492,No
5599,NCT02829554,No
5600,NCT04170803,No
5601,NCT03733080,No
9694,NCT03990389,No
9693,NCT03990558,No
5611,NCT03259893,No
9691,NCT03993041,No
9690,NCT03993210,No
9689,NCT03993886,No
5010,NCT03000998,No
9096,NCT04506307,No
5004,NCT03501407,No
4094,NCT03422276,No
4114,NCT02840877,No
9908,NCT03823742,No
9909,NCT03823209,No
4109,NCT04131296,No
9911,NCT03822325,No
9913,NCT03820609,No
9915,NCT03819608,No
4119,NCT03314129,No
4086,NCT04604418,No
4083,NCT04266834,No
9917,NCT03819088,No
4078,NCT03937960,No
9919,NCT03818087,No
4075,NCT04259632,No
9906,NCT03825588,No
4120,NCT03209895,No
4068,NCT04018651,No
4134,NCT02961751,No
4146,NCT04000971,No
4143,NCT02893150,No
4140,NCT02354482,No
9900,NCT03831451,No
4136,NCT03400514,No
9902,NCT03828916,No
4131,NCT04336579,No
4123,NCT04171466,No
4130,NCT03777020,No
9904,NCT03828370,No
9905,NCT03825640,No
4127,NCT04422873,No
4126,NCT04427800,No
4125,NCT04139928,No
4071,NCT04202900,No
4065,NCT01714323,No
4148,NCT03055858,No
3997,NCT01850082,No
4007,NCT03064932,No
4006,NCT03032770,No
4005,NCT04435873,No
4002,NCT02446626,No
3999,NCT04434313,No
3998,NCT03903146,No
9930,NCT03810508,No
9928,NCT03811405,No
3993,NCT03683394,No
9933,NCT03807635,No
3981,NCT04219566,No
3970,NCT04548895,No
3968,NCT04023604,No
9935,NCT03804827,No
4011,NCT04040881,No
4025,NCT02564653,No
4064,NCT04351841,No
4047,NCT03504826,No
9920,NCT03817970,No
9921,NCT03814850,No
4058,NCT03486405,No
9922,NCT03814473,No
9923,NCT03813966,No
4049,NCT03031457,No
9924,NCT03813524,No
4028,NCT03340012,No
4040,NCT02005445,No
4036,NCT04530032,No
9925,NCT03812614,No
4033,NCT00004342,No
9926,NCT03812146,No
9927,NCT03811444,No
4147,NCT02923193,No
4149,NCT04477304,No
4341,NCT03163589,No
4279,NCT03753373,No
4299,NCT04137757,No
9876,NCT03848650,No
4290,NCT04180930,No
4289,NCT03165591,No
4285,NCT03984227,No
4281,NCT04278183,No
4278,NCT03175640,No
4304,NCT03945162,No
9879,NCT03847194,No
4276,NCT04398901,No
4272,NCT03571750,No
4269,NCT03337139,No
9880,NCT03845465,No
4267,NCT03572595,No
9875,NCT03848923,No
9874,NCT03848962,No
4259,NCT04484090,No
4327,NCT03653195,No
4340,NCT04557761,No
9869,NCT03851016,No
4336,NCT04176627,No
4333,NCT04375293,No
4331,NCT03315442,No
4328,NCT03172741,No
4326,NCT04534621,No
9873,NCT03849144,No
9870,NCT03850600,No
9871,NCT03849937,No
4317,NCT04112173,No
4316,NCT03674775,No
4313,NCT04609514,No
4312,NCT03430973,No
4262,NCT04213508,No
4252,NCT00321971,No
9899,NCT03832478,No
4177,NCT03352115,No
4192,NCT03093662,No
4191,NCT03765593,No
4188,NCT04423458,No
9894,NCT03836950,No
4180,NCT03008837,No
4178,NCT04536298,No
4174,NCT03264521,No
4201,NCT03726320,No
4169,NCT03180723,No
9896,NCT03833713,No
4168,NCT01336764,No
9897,NCT03833349,No
4164,NCT03499860,No
9898,NCT03833245,No
9892,NCT03837522,No
4203,NCT04047147,No
4251,NCT04180423,No
9884,NCT03842670,No
4248,NCT03957577,No
4246,NCT03251794,No
4235,NCT04526418,No
4234,NCT03521817,No
4231,NCT03172962,No
4228,NCT02755818,No
9886,NCT03841864,No
9890,NCT03838510,No
9887,NCT03841513,No
4217,NCT04258722,No
4209,NCT03356340,No
4208,NCT02976831,No
9888,NCT03840798,No
9889,NCT03839745,No
3963,NCT03495284,No
3962,NCT03464188,No
9936,NCT03804593,No
3591,NCT04043130,No
3617,NCT03148496,No
3611,NCT04371887,No
3604,NCT04306445,No
3600,NCT04496466,No
3597,NCT04570579,No
9984,NCT03773419,No
3588,NCT03860259,No
3622,NCT04141605,No
3583,NCT04428112,No
3579,NCT03253783,No
3578,NCT04144062,No
3577,NCT01389726,No
3576,NCT04005924,No
3571,NCT04262791,No
9981,NCT03775590,No
3626,NCT01188070,No
3561,NCT03251989,No
9975,NCT03779997,No
9971,NCT03782493,No
3686,NCT03650556,No
3685,NCT03571893,No
3667,NCT03734523,No
3665,NCT04009070,No
9973,NCT03781856,No
9976,NCT03779269,No
3633,NCT03830307,No
3651,NCT04135404,No
9978,NCT03777384,No
3649,NCT02600936,No
3640,NCT03304912,No
9979,NCT03777046,No
3634,NCT03555266,No
3563,NCT03786471,No
3559,NCT04069832,No
3960,NCT03286179,No
3434,NCT04526158,No
3449,NCT03891381,No
3447,NCT03217201,No
3441,NCT03184792,No
3438,NCT03177941,No
9996,NCT03768206,No
3435,NCT04377204,No
3433,NCT03225131,No
3459,NCT03161470,No
9998,NCT03767595,No
3424,NCT03338257,No
3419,NCT03060291,No
3418,NCT02180139,No
3413,NCT04133376,No
3412,NCT04408352,No
9993,NCT03769727,No
3477,NCT04345562,No
3553,NCT03201029,No
9989,NCT03771235,No
3552,NCT03736486,No
3544,NCT03520530,No
3530,NCT03009968,No
3526,NCT04075162,No
3525,NCT03455530,No
3519,NCT03981835,No
3514,NCT00451022,No
9992,NCT03769961,No
9990,NCT03770832,No
3506,NCT02352389,No
3500,NCT04434352,No
3499,NCT04420156,No
9991,NCT03770377,No
3493,NCT03231592,No
9970,NCT03782506,No
9969,NCT03785288,No
3693,NCT03218787,No
3863,NCT04302727,No
3887,NCT02957799,No
9944,NCT03800927,No
3885,NCT03146897,No
3876,NCT04605783,No
3874,NCT03925337,No
9946,NCT03799640,No
3855,NCT03193879,No
3895,NCT04246424,No
3854,NCT04176107,No
3852,NCT04588662,No
9948,NCT03797898,No
3849,NCT03263975,No
9950,NCT03796559,No
3841,NCT04436198,No
3894,NCT04296344,No
3897,NCT04142723,No
3695,NCT03107468,No
3937,NCT03242070,No
3950,NCT03596151,No
3949,NCT04243343,No
3946,NCT03259373,No
3944,NCT03106233,No
3943,NCT04577599,No
9939,NCT03803683,No
3927,NCT03354663,No
9941,NCT03803488,No
3924,NCT04431622,No
3921,NCT01589692,No
3919,NCT03343795,No
3917,NCT03684070,No
3913,NCT02583178,No
3906,NCT03852316,No
9951,NCT03796286,No
3829,NCT04450966,No
9952,NCT03796065,No
9959,NCT03792698,No
3756,NCT01404910,No
3754,NCT03834142,No
3753,NCT03284541,No
3751,NCT03418870,No
3749,NCT03869515,No
3748,NCT04335929,No
9962,NCT03788486,No
9953,NCT03795701,No
3741,NCT02347202,No
3739,NCT04545320,No
3732,NCT03059004,No
9966,NCT03786055,No
3724,NCT04240288,No
9967,NCT03785392,No
3758,NCT03421626,No
3759,NCT03966755,No
3760,NCT04082338,No
3762,NCT03935828,No
3767,NCT04583072,No
3768,NCT03850223,No
3770,NCT04538495,No
3771,NCT03339245,No
3774,NCT04023357,No
9957,NCT03794011,No
3779,NCT03445403,No
9956,NCT03794102,No
9955,NCT03795051,No
9954,NCT03795168,No
3809,NCT03125460,No
3814,NCT03407625,No
3815,NCT00001163,No
9868,NCT03852485,No
4343,NCT03309163,No
9781,NCT03916809,No
4777,NCT04287257,No
4791,NCT04335331,No
4790,NCT03971318,No
4788,NCT04334824,No
6005,NCT03719495,No
4781,NCT03578939,No
4778,NCT02021838,No
4776,NCT03046069,No
4799,NCT04414371,No
4773,NCT03499509,No
4771,NCT04509622,No
9805,NCT03899181,No
4769,NCT03971305,No
4768,NCT01622959,No
4761,NCT03490682,No
4798,NCT03953794,No
4805,NCT03845985,No
4758,NCT03327103,No
9799,NCT03904043,No
4848,NCT03658954,No
4841,NCT04297228,No
4840,NCT03940209,No
4836,NCT04169867,No
9797,NCT03904420,No
9798,NCT03904407,No
9800,NCT03902600,No
4806,NCT03065647,No
4820,NCT04442867,No
9801,NCT03902171,No
4816,NCT03794882,No
4812,NCT03656679,No
4811,NCT04294342,No
4810,NCT04499495,No
9806,NCT03898570,No
4757,NCT03645941,No
4851,NCT04557345,No
9813,NCT03890107,No
4724,NCT03595410,No
4723,NCT04034784,No
9812,NCT03890471,No
4720,NCT04049045,No
4719,NCT03274713,No
4716,NCT04577911,No
4715,NCT03512730,No
4728,NCT04119206,No
4713,NCT04542005,No
4712,NCT03259178,No
4706,NCT04474080,No
4701,NCT04246528,No
9816,NCT03884374,No
4699,NCT04478357,No
4727,NCT03247803,No
4729,NCT04266210,No
4755,NCT04171336,No
4742,NCT03641742,No
4750,NCT03245879,No
4749,NCT04352634,No
9807,NCT03898115,No
4748,NCT04108702,No
4747,NCT04236271,No
4745,NCT04516252,No
9809,NCT03897140,No
4730,NCT03366363,No
4741,NCT04092400,No
4738,NCT03634852,No
4736,NCT04431661,No
4735,NCT04450914,No
4734,NCT03914781,No
4733,NCT03280979,No
9796,NCT03904615,No
4852,NCT03277846,No
4347,NCT03502278,No
4941,NCT03185832,No
9787,NCT03913169,No
9788,NCT03912363,No
4946,NCT04040504,No
4945,NCT03272438,No
4944,NCT04143113,No
4943,NCT03271203,No
4939,NCT03030508,No
4954,NCT02299115,No
4937,NCT04271462,No
4936,NCT03833375,No
4935,NCT04549493,No
4933,NCT03042182,No
4927,NCT03389581,No
4926,NCT03654118,No
4951,NCT04055688,No
4955,NCT03230669,No
4923,NCT04273152,No
9783,NCT03914573,No
1,NCT04474496,No
4994,NCT04043689,No
4989,NCT04071327,No
4986,NCT03230305,No
9782,NCT03915015,No
4984,NCT03693313,No
4979,NCT04030273,No
4961,NCT03106363,No
9784,NCT03914469,No
4972,NCT03305393,No
4970,NCT03102086,No
4965,NCT04424823,No
4962,NCT03168698,No
9785,NCT03913494,No
4924,NCT03567837,No
4919,NCT03554785,No
4853,NCT04525326,No
9793,NCT03907449,No
4875,NCT03379961,No
4874,NCT04464187,No
4871,NCT02676024,No
4869,NCT03214757,No
4868,NCT03800394,No
4867,NCT03975400,No
4863,NCT04095910,No
4878,NCT04113811,No
9794,NCT03906630,No
4861,NCT03083431,No
9795,NCT03906461,No
4856,NCT04007419,No
4855,NCT04159454,No
4854,NCT00129701,No
4877,NCT03540745,No
4881,NCT03308903,No
4911,NCT04379063,No
4900,NCT03305497,No
9791,NCT03908996,No
4909,NCT03419728,No
4907,NCT01721473,No
4904,NCT03111810,No
4903,NCT02443220,No
4901,NCT03969264,No
4899,NCT04446728,No
4882,NCT03143049,No
4897,NCT02414529,No
4896,NCT03674801,No
9792,NCT03907917,No
4891,NCT04036032,No
4885,NCT03971227,No
4884,NCT04517006,No
4698,NCT03639025,No
4697,NCT03168490,No
4695,NCT03239782,No
4478,NCT03433053,No
4496,NCT04518657,No
4490,NCT04191473,No
4489,NCT04245124,No
4487,NCT03352479,No
9843,NCT03869216,No
9844,NCT03867877,No
4475,NCT03909503,No
4500,NCT00418899,No
4473,NCT03284372,No
4472,NCT04211077,No
4471,NCT04557241,No
4469,NCT00570297,No
4466,NCT04395781,No
9847,NCT03867344,No
4497,NCT04356027,No
4502,NCT03452514,No
9849,NCT03866616,No
4519,NCT04247646,No
9837,NCT03874637,No
9838,NCT03874507,No
4527,NCT03132857,No
4523,NCT03897764,No
4520,NCT03266783,No
9839,NCT03874351,No
4518,NCT03303859,No
4503,NCT04579601,No
4511,NCT03593330,No
4509,NCT03955874,No
9841,NCT03873545,No
4506,NCT03543891,No
9842,NCT03873259,No
4504,NCT03655730,No
9848,NCT03867045,No
9850,NCT03866005,No
4693,NCT02258256,No
4376,NCT03360422,No
4391,NCT03714711,No
4389,NCT03404986,No
9863,NCT03858777,No
9864,NCT03856034,No
4382,NCT04139187,No
4377,NCT04379830,No
4372,NCT03483805,No
4397,NCT04569344,No
4368,NCT04059705,No
4365,NCT04418856,No
9865,NCT03855410,No
9866,NCT03854916,No
4352,NCT04561804,No
4351,NCT03159234,No
4393,NCT03351088,No
4398,NCT03719963,No
9851,NCT03865979,No
9859,NCT03863327,No
9852,NCT03865381,No
9854,NCT03864965,No
9855,NCT03864146,No
9856,NCT03863743,No
9857,NCT03863522,No
9858,NCT03863353,No
9861,NCT03861832,No
4399,NCT04293536,No
4419,NCT02799836,No
4414,NCT02945501,No
4408,NCT04334707,No
4406,NCT04204018,No
4404,NCT04266821,No
4402,NCT03579329,No
9834,NCT03875339,No
4532,NCT04386577,No
4534,NCT00656955,No
4628,NCT01695252,No
4651,NCT03486093,No
4646,NCT04384263,No
4643,NCT03494283,No
4634,NCT04263025,No
9824,NCT03881267,No
4629,NCT03982576,No
9825,NCT03881241,No
4654,NCT04516824,No
9826,NCT03881098,No
4625,NCT02476630,No
4623,NCT04427995,No
4622,NCT04568369,No
4619,NCT03747783,No
4618,NCT03598660,No
4652,NCT04198974,No
4657,NCT04171180,No
4535,NCT03660917,No
4674,NCT03683589,No
4692,NCT03494244,No
4685,NCT04075903,No
4684,NCT04580017,No
4682,NCT04044261,No
4681,NCT04401631,No
4676,NCT04598399,No
4667,NCT03780985,No
4658,NCT03437837,No
9821,NCT03881891,No
4666,NCT03482206,No
4665,NCT03711981,No
4664,NCT04512157,No
4663,NCT04349020,No
4660,NCT03831724,No
4612,NCT03584113,No
4611,NCT03183401,No
9828,NCT03878758,No
4559,NCT01747447,No
4568,NCT01954901,No
4567,NCT02023723,No
4565,NCT02661334,No
4564,NCT03021616,No
4563,NCT03418077,No
4562,NCT04451070,No
4551,NCT04596904,No
4607,NCT03804242,No
4549,NCT03905928,No
4548,NCT03403257,No
9832,NCT03876223,No
4545,NCT03828877,No
4539,NCT02774434,No
4537,NCT03890497,No
4569,NCT03853304,No
4570,NCT04385524,No
4574,NCT04203199,No
4576,NCT04026009,No
9831,NCT03877003,No
4577,NCT03579706,No
4578,NCT03176420,No
4581,NCT04368117,No
9829,NCT03878745,No
4584,NCT01704859,No
4587,NCT03613623,No
4589,NCT03710694,No
4596,NCT04163224,No
4597,NCT03655587,No
4599,NCT03859362,No
4600,NCT03953924,No
4606,NCT04092530,No
4782,NCT03333876,No
6337,NCT04213664,No
6006,NCT03708276,No
9306,NCT04309812,No
9300,NCT04315883,No
9302,NCT04314778,No
8168,NCT01958437,No
8167,NCT03523507,No
9305,NCT04309825,No
8161,NCT03569059,No
9307,NCT04307004,No
8179,NCT03446833,No
9308,NCT04306211,No
8147,NCT03325946,No
9311,NCT04305613,No
9312,NCT04305600,No
8141,NCT04212351,No
8140,NCT03205709,No
9299,NCT04316715,No
8185,NCT02266576,No
8229,NCT03740139,No
8205,NCT03181022,No
8225,NCT04204447,No
8217,NCT03227575,No
8216,NCT03202277,No
9295,NCT04319094,No
8209,NCT03459118,No
8207,NCT03313375,No
8204,NCT04189523,No
8186,NCT01343056,No
8203,NCT03865758,No
8202,NCT03278340,No
9297,NCT04317586,No
8199,NCT03057119,No
9298,NCT04317417,No
8190,NCT04501536,No
8136,NCT02566317,No
9316,NCT04304495,No
9317,NCT04302948,No
8067,NCT04332172,No
8088,NCT03893708,No
8076,NCT02967016,No
8075,NCT03874793,No
9323,NCT04295135,No
8070,NCT03555331,No
8068,NCT04083690,No
8058,NCT04464993,No
8121,NCT04007913,No
8056,NCT03710109,No
8049,NCT01408147,No
8039,NCT03771417,No
8033,NCT03625570,No
9328,NCT04293406,No
8032,NCT04080128,No
8089,NCT03489434,No
8092,NCT03481049,No
8093,NCT02952352,No
8094,NCT02825771,No
9321,NCT04298281,No
8097,NCT03772210,No
8098,NCT03582566,No
8101,NCT03887793,No
9319,NCT04300478,No
9318,NCT04300777,No
8107,NCT04043936,No
8108,NCT03694418,No
8109,NCT03312387,No
8115,NCT04441307,No
8117,NCT03730259,No
8118,NCT03637296,No
8119,NCT03769740,No
8226,NCT03810365,No
9292,NCT04319952,No
9329,NCT04292600,No
8367,NCT03774186,No
8382,NCT03342872,No
8380,NCT03458013,No
8378,NCT04418934,No
9272,NCT04337021,No
8373,NCT03929939,No
9273,NCT04336774,No
8366,NCT04548596,No
8391,NCT02860442,No
9276,NCT04334356,No
8346,NCT03848312,No
8344,NCT04427527,No
8343,NCT03737318,No
8341,NCT02955537,No
8340,NCT04254562,No
8388,NCT04300049,No
9271,NCT04339998,No
8233,NCT03130699,No
8411,NCT03649958,No
8439,NCT02511301,No
8436,NCT03333252,No
8434,NCT03885232,No
8430,NCT02808702,No
8428,NCT03613038,No
8412,NCT03832933,No
9269,NCT04340622,No
9270,NCT04340570,No
8407,NCT02708069,No
8406,NCT04372823,No
8405,NCT03781154,No
8402,NCT03461783,No
8398,NCT02706964,No
8396,NCT02693327,No
9277,NCT04332861,No
9279,NCT04330716,No
9280,NCT04330482,No
9289,NCT04322162,No
8269,NCT04117022,No
8267,NCT03917979,No
8266,NCT03584945,No
8265,NCT03872856,No
8264,NCT04491591,No
8262,NCT03840096,No
8257,NCT03634397,No
8326,NCT03206775,No
8246,NCT03028948,No
9290,NCT04321356,No
8244,NCT04150055,No
8242,NCT04492462,No
9291,NCT04320381,No
8236,NCT03511001,No
8270,NCT03170700,No
9288,NCT04322448,No
9287,NCT04323176,No
9286,NCT04323254,No
9285,NCT04327596,No
8294,NCT03280836,No
8297,NCT04206787,No
8299,NCT03383666,No
8305,NCT03367845,No
8306,NCT04567394,No
8307,NCT04208685,No
8311,NCT04097353,No
8314,NCT03404219,No
8315,NCT03637972,No
8317,NCT03717233,No
9281,NCT04330391,No
8319,NCT04514471,No
8024,NCT03343106,No
8018,NCT04075877,No
8446,NCT04357964,No
7746,NCT04012749,No
7759,NCT03971435,No
7754,NCT03255941,No
7753,NCT04092114,No
7752,NCT04312334,No
7751,NCT03529695,No
7750,NCT03453866,No
7744,NCT03308812,No
7764,NCT01138917,No
9365,NCT04258319,No
7737,NCT03774602,No
7736,NCT03210415,No
7732,NCT03158558,No
9366,NCT04257474,No
7729,NCT04248088,No
7763,NCT04287075,No
7765,NCT04098419,No
9355,NCT04268745,No
7788,NCT01957813,No
7802,NCT04484649,No
7800,NCT03798548,No
9359,NCT04263259,No
7796,NCT03334266,No
9360,NCT04263233,No
7792,NCT04023487,No
7787,NCT03325062,No
7766,NCT03441867,No
7785,NCT04393246,No
7784,NCT04072757,No
7783,NCT04201613,No
9362,NCT04262180,No
7781,NCT03594734,No
9363,NCT04260048,No
7728,NCT03916796,No
7722,NCT04115813,No
7721,NCT04160169,No
9373,NCT04254003,No
7687,NCT04053842,No
7685,NCT03478553,No
7684,NCT03502096,No
7683,NCT03935282,No
7681,NCT03753360,No
7680,NCT03000374,No
7679,NCT03289130,No
7720,NCT04244799,No
9374,NCT04253782,No
7677,NCT03677674,No
7674,NCT03170297,No
9375,NCT04252040,No
7673,NCT03266120,No
7671,NCT03865901,No
9372,NCT04254653,No
7691,NCT02052037,No
9371,NCT04254666,No
7693,NCT03406013,No
7697,NCT04016909,No
7700,NCT04055181,No
7702,NCT03371225,No
9368,NCT04257045,No
7704,NCT02088671,No
7705,NCT04377412,No
7707,NCT03198754,No
7709,NCT02764528,No
7710,NCT04379414,No
7711,NCT02843178,No
7714,NCT04133766,No
7715,NCT03555435,No
7716,NCT04044235,No
7803,NCT03250364,No
7811,NCT04243265,No
8014,NCT03176004,No
7921,NCT03932799,No
7958,NCT03991182,No
9340,NCT04280653,No
7939,NCT03360799,No
7935,NCT03567018,No
7933,NCT03984747,No
7925,NCT01107626,No
7920,NCT03141567,No
7965,NCT02865187,No
7908,NCT03271307,No
7907,NCT03455127,No
7906,NCT03631719,No
7905,NCT04034381,No
7904,NCT04119375,No
7903,NCT04216030,No
7959,NCT03343158,No
9338,NCT04283539,No
9354,NCT04269161,No
7997,NCT02132650,No
8012,NCT02912078,No
8011,NCT03896165,No
8010,NCT03736382,No
8009,NCT04026295,No
8000,NCT04498975,No
9333,NCT04288752,No
9334,NCT04287374,No
7969,NCT03341858,No
7994,NCT03537729,No
9335,NCT04285814,No
7989,NCT04032106,No
9337,NCT04283630,No
7980,NCT00775645,No
7971,NCT02169024,No
7902,NCT02848235,No
7898,NCT03884816,No
7896,NCT03124277,No
7840,NCT03872375,No
7859,NCT04137250,No
7857,NCT02697422,No
7854,NCT03014414,No
7843,NCT04345393,No
7842,NCT01615237,No
7841,NCT03191253,No
7838,NCT04281264,No
7888,NCT03135366,No
7837,NCT04378309,No
7832,NCT01504308,No
9351,NCT04270474,No
9352,NCT04269772,No
7818,NCT03208686,No
7817,NCT03376633,No
7860,NCT04465708,No
7861,NCT03862963,No
7864,NCT03328572,No
7866,NCT03823898,No
7870,NCT03744507,No
7872,NCT04027218,No
9347,NCT04274764,No
7876,NCT03817736,No
7878,NCT03563040,No
9346,NCT04276194,No
9345,NCT04276805,No
9344,NCT04278157,No
7880,NCT03511443,No
7885,NCT03944395,No
7886,NCT03880006,No
7887,NCT03371186,No
9342,NCT04279587,No
9263,NCT04342728,No
9262,NCT04342871,No
6008,NCT03673371,No
9147,NCT04463992,No
8977,NCT04609085,No
8976,NCT04437069,No
9145,NCT04466644,No
8971,NCT04182334,No
8969,NCT03370614,No
8968,NCT03185546,No
8966,NCT03149185,No
9144,NCT04467099,No
8965,NCT02728076,No
8964,NCT03233594,No
8962,NCT04066894,No
8961,NCT03718104,No
8960,NCT03595748,No
9148,NCT04463719,No
8978,NCT04608773,No
8981,NCT04606030,No
9001,NCT04588025,No
8992,NCT04596241,No
8998,NCT04592601,No
8997,NCT04592783,No
8996,NCT04593693,No
8994,NCT04594902,No
8993,NCT04595903,No
9138,NCT04473430,No
8991,NCT04597957,No
8982,NCT04605965,No
8990,NCT04598035,No
9139,NCT04472026,No
8988,NCT04599751,No
9140,NCT04471207,No
8986,NCT04604015,No
8984,NCT04605198,No
8958,NCT03410823,No
8956,NCT03611660,No
8954,NCT04331366,No
8887,NCT03796208,No
9160,NCT04449510,No
8909,NCT03609671,No
8906,NCT02564341,No
9162,NCT04448002,No
8890,NCT03422367,No
8888,NCT03383848,No
8886,NCT02522923,No
8953,NCT04606966,No
8881,NCT03241732,No
8880,NCT03600532,No
8875,NCT04019977,No
8873,NCT00759746,No
8867,NCT03095391,No
9165,NCT04441593,No
9158,NCT04452201,No
9157,NCT04452331,No
8921,NCT03687086,No
8922,NCT03859011,No
8924,NCT03808675,No
8925,NCT04068662,No
8931,NCT03895021,No
8932,NCT03951064,No
9155,NCT04456140,No
9153,NCT04459416,No
8938,NCT03890029,No
8939,NCT04475718,No
8943,NCT03935048,No
8944,NCT03869970,No
8948,NCT04571502,No
8951,NCT03197454,No
8952,NCT04157270,No
9000,NCT04591288,No
9002,NCT04587804,No
8860,NCT03945552,No
9063,NCT04539158,No
9071,NCT04528446,No
9070,NCT04530500,No
9069,NCT04531514,No
9067,NCT04534660,No
9065,NCT04538963,No
9064,NCT04539002,No
9062,NCT04539821,No
9104,NCT04499781,No
9106,NCT04497363,No
9107,NCT04497129,No
9109,NCT04495348,No
9057,NCT04542551,No
9056,NCT04545047,No
9055,NCT04545957,No
9072,NCT04526808,No
9103,NCT04499937,No
9004,NCT04586530,No
9086,NCT04516213,No
9093,NCT04508751,No
9097,NCT04506294,No
9091,NCT04511338,No
9090,NCT04513899,No
9089,NCT04513990,No
9088,NCT04514757,No
9084,NCT04517734,No
9101,NCT04502316,No
9083,NCT04518059,No
9082,NCT04519957,No
9081,NCT04523155,No
9080,NCT04523337,No
9079,NCT04523636,No
9077,NCT04524715,No
9053,NCT04546763,No
9051,NCT04549051,No
9050,NCT04549077,No
9016,NCT04577976,No
9022,NCT04572581,No
9021,NCT04575090,No
9020,NCT04576247,No
9128,NCT04481919,No
9129,NCT04480346,No
9017,NCT04577313,No
9014,NCT04579926,No
9112,NCT04494945,No
9013,NCT04580524,No
9012,NCT04580667,No
9131,NCT04479943,No
9009,NCT04582214,No
9008,NCT04582617,No
9005,NCT04584762,No
9023,NCT04570930,No
9027,NCT04568395,No
9028,NCT04567719,No
9029,NCT04566874,No
9031,NCT04565509,No
9032,NCT04565353,No
9033,NCT04565119,No
9034,NCT04564443,No
9123,NCT04484805,No
9119,NCT04485767,No
9041,NCT04558541,No
9042,NCT04556227,No
9043,NCT04556175,No
9117,NCT04486560,No
9115,NCT04488055,No
9114,NCT04491175,No
9113,NCT04494698,No
8865,NCT03256110,No
8857,NCT03454022,No
8448,NCT04253483,No
9236,NCT04368702,No
9229,NCT04374760,No
8611,NCT03653637,No
8609,NCT03200366,No
8598,NCT03051997,No
8594,NCT03581136,No
9235,NCT04370002,No
8573,NCT03574974,No
8622,NCT03616171,No
9238,NCT04367246,No
9239,NCT04365543,No
8568,NCT04502524,No
8564,NCT02835495,No
8563,NCT03398902,No
8561,NCT03622697,No
9226,NCT04378270,No
9225,NCT04378751,No
9210,NCT04388748,No
9219,NCT04382391,No
8671,NCT04042909,No
9214,NCT04386291,No
8661,NCT03629678,No
9216,NCT04384055,No
8653,NCT03494166,No
9218,NCT04382963,No
9220,NCT04380415,No
9224,NCT04378790,No
9221,NCT04380311,No
8647,NCT03238456,No
8643,NCT03932032,No
9222,NCT04379843,No
8637,NCT03608085,No
8625,NCT03310918,No
8559,NCT04051229,No
9241,NCT04364282,No
9242,NCT04360824,No
8485,NCT03933345,No
9253,NCT04351880,No
8501,NCT03582683,No
8500,NCT03841682,No
8498,NCT02224352,No
8491,NCT03778177,No
9254,NCT04350359,No
8481,NCT02710318,No
8557,NCT03281161,No
9256,NCT04349202,No
8474,NCT01804452,No
8472,NCT03533829,No
9259,NCT04344561,No
8459,NCT04309370,No
8450,NCT03677739,No
8510,NCT04473729,No
8513,NCT03849716,No
8518,NCT03602456,No
8520,NCT04258332,No
8521,NCT04018092,No
9250,NCT04354454,No
8523,NCT03731598,No
8533,NCT02605200,No
8538,NCT04170062,No
9247,NCT04355650,No
8541,NCT03199196,No
8543,NCT03674944,No
8544,NCT03267043,No
8545,NCT04580810,No
9245,NCT04357717,No
9244,NCT04359108,No
9243,NCT04359199,No
9211,NCT04388488,No
9209,NCT04389957,No
8856,NCT03905720,No
8790,NCT03300297,No
9176,NCT04427202,No
9177,NCT04426838,No
9178,NCT04426526,No
9179,NCT04424576,No
8796,NCT03852030,No
8792,NCT03283553,No
8789,NCT03947983,No
8810,NCT03136094,No
8785,NCT04123223,No
8784,NCT03750409,No
9184,NCT04417946,No
8782,NCT03135756,No
8781,NCT03199079,No
8779,NCT03212677,No
8803,NCT01921179,No
9175,NCT04428580,No
8693,NCT03868930,No
8832,NCT03995667,No
8846,NCT03471221,No
8845,NCT04149639,No
8842,NCT03592771,No
9168,NCT04437732,No
8837,NCT03784846,No
9171,NCT04433975,No
8831,NCT03727815,No
9174,NCT04429568,No
8829,NCT02871921,No
9172,NCT04432727,No
8827,NCT02853149,No
9173,NCT04430010,No
8823,NCT04407767,No
8822,NCT02905929,No
8771,NCT03377855,No
8769,NCT02754557,No
8767,NCT03354585,No
8709,NCT02022423,No
9195,NCT04404894,No
9196,NCT04404855,No
8722,NCT04524104,No
9198,NCT04403737,No
8715,NCT04154618,No
9200,NCT04401449,No
9201,NCT04400903,No
8764,NCT03261661,No
8708,NCT01941810,No
8705,NCT02295059,No
8701,NCT04118972,No
9205,NCT04393155,No
9206,NCT04392323,No
8695,NCT03705325,No
8728,NCT03722316,No
8729,NCT04542642,No
9194,NCT04406935,No
8736,NCT03315663,No
8737,NCT03126981,No
8740,NCT01954576,No
9192,NCT04409236,No
9190,NCT04410627,No
9188,NCT04411823,No
8748,NCT02140021,No
8751,NCT03932773,No
9187,NCT04414982,No
8753,NCT04458194,No
8754,NCT03183050,No
8758,NCT03564522,No
8762,NCT04481568,No
8763,NCT04179721,No
7669,NCT04377581,No
7668,NCT04178538,No
7664,NCT03393637,No
6573,NCT03259386,No
6591,NCT03798184,No
6588,NCT04134273,No
9518,NCT04118998,No
9522,NCT04115735,No
9524,NCT04114942,No
9525,NCT04113746,No
6568,NCT03738774,No
9515,NCT04121364,No
6566,NCT04306549,No
6562,NCT04562779,No
9526,NCT04112433,No
6553,NCT04392557,No
6551,NCT03409575,No
6550,NCT04495686,No
9516,NCT04121312,No
6598,NCT03992183,No
6643,NCT00342992,No
6622,NCT04261738,No
6640,NCT03869671,No
6634,NCT03551483,No
6629,NCT04168450,No
6628,NCT04549532,No
6627,NCT03167658,No
6624,NCT03221530,No
6621,NCT04026802,No
6599,NCT03547869,No
6618,NCT02036931,No
6617,NCT04044326,No
6616,NCT03250156,No
6615,NCT04130984,No
9514,NCT04121858,No
6609,NCT04045938,No
9527,NCT04110522,No
6547,NCT03539315,No
6544,NCT03503695,No
6495,NCT02113410,No
6507,NCT04522258,No
6503,NCT04154462,No
6500,NCT03924674,No
6498,NCT04604821,No
6497,NCT03259646,No
6496,NCT04520984,No
9543,NCT04095481,No
6541,NCT01420016,No
6494,NCT04304833,No
6492,NCT03244475,No
6488,NCT04365270,No
6487,NCT03381885,No
6485,NCT03645551,No
9545,NCT04094363,No
6508,NCT04419948,No
6512,NCT03726463,No
9542,NCT04096937,No
6519,NCT03820921,No
6520,NCT03867812,No
9541,NCT04097717,No
6523,NCT03862924,No
6525,NCT03848806,No
6526,NCT03069144,No
9538,NCT04103385,No
9537,NCT04103619,No
9536,NCT04103931,No
9535,NCT04104191,No
9533,NCT04104737,No
9532,NCT04107610,No
9528,NCT04110236,No
6538,NCT03889392,No
6642,NCT03885700,No
6650,NCT03593187,No
6483,NCT01492348,No
6768,NCT03996876,No
6774,NCT03342482,No
6773,NCT03409133,No
6772,NCT03440554,No
9488,NCT04145895,No
6770,NCT03564795,No
6769,NCT03678766,No
9489,NCT04145791,No
9484,NCT04150848,No
6764,NCT04416412,No
6763,NCT04598386,No
6761,NCT04124523,No
6756,NCT03029507,No
6754,NCT03883009,No
6752,NCT03762291,No
9485,NCT04149249,No
6798,NCT03030703,No
6652,NCT04169529,No
6841,NCT04534959,No
6857,NCT03772730,No
6855,NCT02878850,No
6854,NCT04100564,No
9475,NCT04162678,No
9476,NCT04162145,No
6842,NCT03264235,No
6831,NCT03889028,No
6806,NCT04029298,No
9481,NCT04152707,No
6818,NCT04176328,No
6814,NCT03939507,No
6813,NCT03366532,No
6812,NCT04595344,No
6809,NCT03973606,No
6748,NCT04311320,No
6747,NCT03953911,No
6744,NCT02991690,No
6670,NCT00430313,No
6685,NCT03504085,No
6684,NCT03619369,No
9511,NCT04124419,No
6679,NCT04171960,No
6676,NCT04265690,No
6671,NCT04466423,No
6662,NCT03394703,No
6743,NCT03221777,No
6659,NCT03887247,No
6658,NCT01574300,No
6655,NCT01876771,No
6654,NCT04197011,No
6653,NCT03378167,No
9513,NCT04123041,No
6687,NCT03312621,No
9505,NCT04128618,No
6690,NCT04205656,No
9502,NCT04131647,No
9501,NCT04131946,No
6693,NCT03833674,No
9500,NCT04132869,No
6695,NCT03433300,No
9495,NCT04138953,No
9494,NCT04142229,No
6723,NCT00464724,No
6734,NCT03211819,No
6735,NCT04074486,No
6739,NCT03302299,No
6740,NCT03680456,No
6741,NCT04421235,No
6742,NCT03415412,No
6484,NCT04372329,No
6482,NCT03524482,No
7663,NCT03059082,No
6193,NCT03482336,No
6215,NCT03787485,No
6214,NCT03113786,No
6206,NCT04517396,No
6204,NCT04347629,No
6199,NCT03693924,No
6194,NCT04560946,No
9589,NCT04066218,No
9587,NCT04068857,No
6191,NCT01873573,No
6172,NCT00409968,No
9593,NCT04059107,No
9594,NCT04058795,No
9597,NCT04057183,No
6143,NCT00851253,No
6220,NCT03030716,No
9586,NCT04068883,No
6291,NCT03892746,No
6250,NCT04283513,No
6289,NCT03600324,No
9576,NCT04077190,No
9577,NCT04076813,No
9578,NCT04075682,No
6262,NCT01769612,No
6251,NCT04203186,No
9580,NCT04073914,No
9585,NCT04071951,No
6246,NCT03883477,No
9581,NCT04073212,No
9582,NCT04072549,No
6229,NCT04562012,No
6227,NCT04182659,No
6224,NCT04458350,No
6142,NCT00852644,No
6141,NCT00853528,No
6133,NCT01000077,No
6018,NCT03418129,No
9610,NCT04049643,No
9613,NCT04048590,No
9614,NCT04047836,No
9615,NCT04047602,No
6020,NCT03390335,No
6019,NCT03402035,No
6017,NCT03423394,No
6110,NCT01373489,No
6015,NCT03530163,No
9617,NCT04047277,No
6013,NCT03551678,No
9619,NCT04044924,No
9620,NCT04044521,No
6009,NCT03668873,No
6028,NCT03197896,No
6029,NCT03197675,No
9608,NCT04049682,No
6032,NCT03110302,No
6034,NCT03082638,No
9607,NCT04052503,No
6036,NCT03023644,No
9606,NCT04053868,No
9605,NCT04054544,No
6039,NCT02935621,No
6041,NCT02881944,No
6047,NCT02634944,No
6048,NCT02611375,No
6063,NCT02168114,No
9600,NCT04056013,No
6077,NCT01828983,No
6106,NCT01447186,No
9574,NCT04080414,No
6293,NCT03663361,No
6480,NCT04373967,No
6408,NCT03516773,No
6427,NCT03756545,No
9552,NCT04090970,No
6423,NCT03662776,No
6422,NCT03872895,No
6421,NCT04408105,No
6420,NCT02977039,No
6403,NCT03417752,No
6436,NCT04182529,No
9556,NCT04090359,No
6397,NCT03106116,No
9557,NCT04089371,No
9558,NCT04088799,No
6395,NCT03857672,No
6392,NCT03750292,No
6433,NCT03400436,No
9549,NCT04092101,No
6294,NCT03347552,No
6470,NCT00904579,No
6478,NCT04445116,No
6476,NCT03322891,No
6475,NCT04246281,No
6474,NCT04341948,No
9547,NCT04092777,No
6471,NCT03059095,No
6469,NCT02381054,No
6449,NCT04070833,No
6465,NCT04338334,No
6463,NCT03630588,No
6462,NCT03733626,No
9548,NCT04092387,No
6455,NCT04219540,No
6453,NCT04579198,No
6386,NCT03205865,No
6384,NCT04180020,No
6381,NCT03214549,No
6315,NCT01541761,No
6333,NCT04374591,No
6332,NCT04414904,No
6331,NCT04477083,No
6330,NCT03332563,No
6329,NCT02755285,No
6325,NCT04510844,No
9568,NCT04083859,No
9560,NCT04088175,No
6312,NCT03577223,No
6311,NCT04186533,No
6309,NCT04385251,No
6305,NCT03494738,No
9570,NCT04082117,No
9572,NCT04080570,No
6334,NCT04326517,No
6335,NCT04278495,No
6336,NCT04239066,No
9094,NCT04508348,No
9567,NCT04084093,No
6338,NCT03939091,No
6340,NCT03795545,No
6341,NCT03795532,No
6342,NCT03763539,No
9565,NCT04084561,No
9564,NCT04086875,No
6349,NCT03005145,No
6355,NCT04156919,No
6356,NCT04584554,No
9562,NCT04087213,No
6360,NCT03255681,No
6363,NCT03832049,No
9474,NCT04164108,No
6858,NCT03663452,No
6861,NCT03682263,No
7438,NCT04043182,No
9401,NCT04233671,No
7455,NCT03282110,No
9402,NCT04233112,No
9404,NCT04232267,No
9405,NCT04232124,No
3408,NCT03465072,No
7436,NCT03177577,No
7467,NCT04116463,No
9409,NCT04228055,No
7424,NCT01768650,No
9411,NCT04227119,No
7419,NCT03713970,No
7416,NCT03503097,No
9412,NCT04226092,No
7465,NCT01212029,No
7468,NCT03964792,No
7508,NCT04092257,No
7485,NCT03397420,No
7506,NCT04579328,No
7501,NCT04050449,No
9398,NCT04235725,No
7495,NCT03605888,No
9400,NCT04234581,No
7486,NCT03366454,No
7484,NCT03429257,No
7470,NCT00902798,No
7483,NCT03571932,No
7482,NCT03585361,No
7481,NCT03822611,No
7477,NCT02368106,No
7476,NCT03432325,No
7472,NCT03412136,No
7411,NCT04387019,No
7410,NCT02595034,No
9413,NCT04226027,No
9425,NCT04216732,No
7361,NCT03962712,No
9421,NCT04219397,No
7353,NCT03385304,No
7352,NCT03065101,No
9424,NCT04218370,No
7351,NCT03138564,No
7347,NCT02877680,No
7409,NCT03168776,No
7346,NCT03492021,No
7342,NCT01866735,No
7331,NCT04565366,No
7330,NCT00204477,No
9428,NCT04214119,No
9429,NCT04211766,No
7363,NCT03447860,No
7364,NCT04063592,No
7365,NCT02289287,No
7366,NCT04602806,No
9419,NCT04221594,No
7371,NCT03882515,No
7372,NCT03952182,No
7374,NCT04372797,No
9418,NCT04221607,No
7377,NCT02975596,No
9417,NCT04222166,No
7395,NCT03758846,No
7397,NCT03567421,No
7399,NCT04020471,No
9414,NCT04225585,No
7403,NCT03379220,No
7408,NCT03329404,No
7507,NCT04096521,No
7509,NCT03510286,No
6865,NCT03660696,No
7609,NCT03894241,No
9382,NCT04243044,No
9383,NCT04242277,No
9384,NCT04242186,No
7613,NCT03464409,No
7612,NCT04366284,No
7611,NCT04599296,No
7606,NCT04049305,No
7626,NCT03446131,No
7605,NCT04037852,No
7604,NCT03357224,No
9386,NCT04241939,No
7602,NCT04011176,No
7600,NCT04271150,No
9387,NCT04241913,No
7620,NCT02990793,No
7627,NCT04242160,No
7510,NCT03431558,No
9378,NCT04250662,No
9376,NCT04251988,No
7662,NCT03755401,No
7661,NCT04230967,No
7656,NCT03272074,No
7653,NCT04113135,No
7652,NCT03672461,No
7646,NCT03643978,No
7628,NCT03527641,No
9379,NCT04247828,No
7644,NCT02887235,No
7639,NCT02910557,No
7633,NCT03580538,No
7632,NCT03156010,No
7630,NCT03432715,No
7599,NCT04320576,No
9388,NCT04240951,No
7594,NCT03936738,No
7547,NCT04602416,No
9394,NCT04238143,No
7556,NCT03965676,No
7554,NCT03937856,No
7553,NCT03752619,No
7552,NCT03439319,No
7551,NCT04525651,No
9396,NCT04235907,No
7592,NCT04146168,No
7539,NCT04031326,No
7538,NCT03950986,No
7529,NCT03338530,No
7528,NCT04250688,No
9397,NCT04235751,No
7511,NCT03127397,No
7564,NCT02753842,No
7566,NCT04072211,No
7567,NCT03870204,No
7568,NCT02758236,No
7570,NCT04238910,No
7571,NCT03060109,No
7575,NCT04398784,No
7576,NCT04045132,No
7579,NCT03842111,No
9391,NCT04240561,No
7581,NCT03705377,No
7582,NCT03932929,No
7584,NCT04046965,No
7585,NCT04035382,No
9390,NCT04240691,No
7589,NCT03967912,No
7590,NCT03839719,No
9430,NCT04211506,No
7318,NCT04233944,No
7316,NCT03762070,No
7013,NCT04581317,No
7029,NCT03199222,No
7026,NCT03237013,No
9461,NCT04179981,No
7018,NCT01992263,No
7016,NCT03607331,No
7014,NCT03462758,No
7009,NCT03403166,No
7040,NCT01884545,No
7007,NCT03321292,No
7003,NCT03398395,No
7002,NCT02186093,No
6998,NCT03165968,No
6993,NCT04043715,No
6992,NCT04122326,No
7037,NCT03080246,No
7042,NCT04504630,No
7315,NCT03144427,No
9459,NCT04182113,No
7108,NCT03834714,No
9455,NCT04188197,No
7098,NCT03127293,No
7095,NCT03077126,No
9457,NCT04186793,No
9458,NCT04183504,No
7086,NCT03354351,No
7043,NCT03309046,No
7078,NCT03833219,No
7077,NCT04241133,No
7074,NCT03866837,No
7071,NCT01912287,No
7060,NCT01121250,No
9460,NCT04180540,No
6959,NCT01599767,No
6947,NCT03262766,No
6946,NCT03298724,No
6898,NCT03545217,No
6912,NCT03952949,No
9469,NCT04171544,No
6909,NCT04442620,No
6908,NCT04589676,No
6905,NCT01751230,No
6900,NCT04336397,No
6896,NCT03736395,No
6945,NCT03433599,No
6891,NCT04523259,No
6884,NCT03039465,No
9472,NCT04166591,No
6871,NCT03649191,No
9473,NCT04166240,No
6866,NCT03760497,No
6913,NCT03248583,No
6915,NCT03820947,No
6920,NCT04537689,No
9467,NCT04173572,No
6922,NCT01829620,No
6923,NCT03370991,No
6927,NCT03936582,No
6932,NCT03767699,No
6933,NCT01955382,No
6935,NCT04522973,No
6936,NCT03826303,No
6937,NCT03488875,No
6938,NCT03339648,No
6939,NCT02080923,No
6941,NCT01707030,No
6943,NCT04251091,No
6944,NCT03521856,No
7110,NCT04545606,No
7122,NCT04586049,No
7123,NCT04575402,No
7244,NCT03211884,No
7270,NCT03154307,No
7269,NCT03052010,No
9442,NCT04203381,No
7263,NCT04589377,No
7261,NCT01761396,No
7259,NCT03992001,No
7242,NCT04561765,No
7201,NCT02929134,No
7239,NCT04453943,No
7232,NCT03288233,No
7229,NCT04330326,No
7211,NCT01872390,No
7209,NCT01930084,No
7203,NCT02927496,No
7271,NCT02465307,No
9441,NCT04204434,No
9440,NCT04204668,No
9439,NCT04205084,No
7278,NCT02949037,No
7284,NCT01175993,No
7289,NCT03449667,No
9437,NCT04207437,No
9436,NCT04207567,No
7291,NCT02825654,No
7295,NCT03905668,No
7296,NCT03767894,No
7298,NCT02946736,No
7299,NCT03920137,No
9433,NCT04210024,No
7309,NCT04474093,No
7310,NCT04028180,No
7202,NCT02929121,No
7199,NCT03074799,No
7124,NCT04534972,No
7146,NCT03830840,No
7166,NCT03865680,No
7164,NCT03499951,No
7162,NCT04568330,No
7161,NCT03075475,No
7159,NCT03668678,No
7148,NCT03857360,No
7144,NCT03992274,No
7198,NCT03254628,No
9451,NCT04192227,No
7135,NCT00615979,No
7129,NCT03143179,No
7128,NCT03692273,No
7126,NCT04387812,No
9453,NCT04188535,No
9449,NCT04195477,No
7175,NCT02764983,No
7186,NCT04370977,No
7187,NCT04286243,No
9448,NCT04195646,No
9447,NCT04196374,No
7188,NCT04234815,No
7189,NCT04185597,No
7190,NCT04166370,No
7191,NCT04135625,No
7192,NCT03973593,No
7193,NCT03885973,No
7194,NCT03829358,No
7195,NCT03824756,No
9445,NCT04201132,No
7196,NCT03745495,No
7197,NCT03555669,No
7439,NCT04302649,No
0,NCT04371159,No
2507,NCT03120585,No
1415,NCT02544334,No
1072,NCT04406714,No
3262,NCT03077945,No
3261,NCT01864460,No
1648,NCT04604145,No
2075,NCT04358900,No
1650,NCT01329679,No
2076,NCT04598828,No
3084,NCT04533607,No
2358,NCT04481373,No
2757,NCT03642769,No
2759,NCT02903433,No
3258,NCT04442152,No
2479,NCT02941809,No
1790,NCT03131544,No
2921,NCT03405129,No
2085,NCT03246126,No
2924,NCT02188381,No
3266,NCT04063813,No
2086,NCT04371419,No
2066,NCT02043574,No
2059,NCT04275297,No
2062,NCT03490188,No
3076,NCT03917875,No
2749,NCT03990350,No
1640,NCT03756025,No
1793,NCT04478110,No
2065,NCT03429413,No
2070,NCT03492229,No
2925,NCT04465019,No
3078,NCT03776201,No
2071,NCT00204048,No
1504,NCT04369729,No
2357,NCT03678870,No
1202,NCT03807531,No
1645,NCT02918435,No
3080,NCT03679117,No
3257,NCT03206736,No
3256,NCT01131312,No
2054,NCT01982149,No
2780,NCT03076216,No
1661,NCT03659656,No
1187,NCT02895997,No
1662,NCT04335812,No
3244,NCT02713321,No
3096,NCT04097834,No
2468,NCT04496804,No
2779,NCT04036344,No
1663,NCT03575468,No
3245,NCT03688412,No
1492,NCT03155841,No
1779,NCT03377569,No
1184,NCT03467737,No
2460,NCT04016584,No
1775,NCT04526002,No
1182,NCT04496414,No
2784,NCT04187092,No
1189,NCT03532230,No
2103,NCT03411278,No
1653,NCT03814096,No
3249,NCT04067804,No
2089,NCT03400345,No
2477,NCT03702270,No
2222,NCT03271931,No
3255,NCT04103593,No
2765,NCT04135443,No
3251,NCT03213184,No
2367,NCT04266314,No
3248,NCT02945787,No
3094,NCT03207880,No
2099,NCT03377621,No
2472,NCT03313271,No
2101,NCT03877497,No
2914,NCT04115228,No
3246,NCT03602391,No
2221,NCT03148262,No
2219,NCT03699930,No
1407,NCT03430310,No
2926,NCT03987581,No
2014,NCT04177472,No
1621,NCT04049162,No
3296,NCT04587258,No
2512,NCT04574167,No
3058,NCT03644914,No
3294,NCT01416467,No
1231,NCT03615599,No
3293,NCT00341835,No
2717,NCT03127358,No
1622,NCT04337762,No
3057,NCT04499508,No
1826,NCT02676635,No
1623,NCT04559698,No
1624,NCT03512301,No
2030,NCT03269721,No
2032,NCT01354613,No
2726,NCT03577990,No
1392,NCT03713918,No
2716,NCT04364074,No
3299,NCT03889418,No
2728,NCT03557775,No
1513,NCT04406441,No
2227,NCT03930420,No
2519,NCT03194854,No
2518,NCT04129567,No
2517,NCT02868021,No
1059,NCT04031365,No
2346,NCT03340051,No
1614,NCT04540081,No
1512,NCT03713333,No
2606,NCT03824093,No
1386,NCT02908932,No
1834,NCT03791580,No
3306,NCT03049904,No
1833,NCT03105973,No
3305,NCT04398628,No
3302,NCT01117571,No
2516,NCT03310528,No
3142,NCT04131504,No
2729,NCT03850717,No
1404,NCT00655811,No
2494,NCT03707626,No
2353,NCT01238432,No
1218,NCT03491397,No
2499,NCT04063670,No
3071,NCT03982511,No
3278,NCT03411863,No
2496,NCT04521595,No
1068,NCT04075578,No
1809,NCT03570320,No
2930,NCT03399500,No
3073,NCT03864367,No
1402,NCT03620786,No
2491,NCT03702283,No
2490,NCT03014037,No
2051,NCT00142792,No
2927,NCT03600103,No
1803,NCT04063709,No
2742,NCT03156283,No
1397,NCT00289315,No
2037,NCT03055429,No
2350,NCT04221633,No
1630,NCT04407195,No
1228,NCT03940300,No
2732,NCT03295994,No
2733,NCT03163849,No
3065,NCT03467789,No
1395,NCT03904186,No
1225,NCT03302611,No
2735,NCT04559191,No
1396,NCT03594292,No
1224,NCT03451058,No
1223,NCT04062968,No
2351,NCT04116229,No
2737,NCT03211156,No
2504,NCT02011685,No
1632,NCT04504019,No
1816,NCT04146545,No
2904,NCT03304548,No
1667,NCT04459455,No
2789,NCT03087253,No
2167,NCT04580004,No
3184,NCT03538769,No
3127,NCT04543825,No
1454,NCT03269331,No
1722,NCT03711916,No
1721,NCT03336567,No
1457,NCT03495063,No
1458,NCT03483623,No
3178,NCT04077164,No
1453,NCT04218747,No
1100,NCT04308746,No
1686,NCT03096418,No
1469,NCT04345757,No
1134,NCT04560933,No
2838,NCT04294303,No
2169,NCT03841838,No
1688,NCT03947593,No
3126,NCT00774254,No
2199,NCT03266471,No
1105,NCT04125186,No
1679,NCT00976833,No
1149,NCT04342806,No
2148,NCT04248023,No
2150,NCT02600845,No
2884,NCT03721835,No
2426,NCT03908879,No
3192,NCT04191551,No
2154,NCT03819686,No
2424,NCT03028688,No
2830,NCT01484717,No
3123,NCT03351140,No
3190,NCT04327518,No
3124,NCT01820182,No
2160,NCT03304990,No
1723,NCT03520426,No
2161,NCT04125537,No
1682,NCT04003454,No
2171,NCT03911141,No
2407,NCT02055222,No
1769,NCT03851744,No
2182,NCT03723577,No
2392,NCT03800628,No
2862,NCT04156802,No
2398,NCT04469036,No
3154,NCT03647449,No
2181,NCT03723603,No
3152,NCT03249584,No
1702,NCT04201028,No
1701,NCT01950572,No
2850,NCT03681769,No
1700,NCT03224416,No
3147,NCT02707042,No
2187,NCT03261089,No
2855,NCT03325777,No
2186,NCT03642275,No
1118,NCT04394104,No
2858,NCT03566706,No
2852,NCT03442374,No
1122,NCT04538482,No
2841,NCT03465995,No
2843,NCT03080090,No
3171,NCT00654615,No
2869,NCT03155880,No
3170,NCT03856255,No
1127,NCT03073343,No
1106,NCT03174769,No
1459,NCT03276741,No
2842,NCT03748420,No
1126,NCT04141228,No
3161,NCT04037033,No
3138,NCT04564209,No
2865,NCT04479761,No
1460,NCT02984943,No
1124,NCT04576832,No
1108,NCT03109002,No
1461,NCT02009930,No
3162,NCT02190266,No
1732,NCT03511937,No
3196,NCT03680365,No
1733,NCT03529214,No
2450,NCT03664765,No
3105,NCT04079582,No
2796,NCT03028233,No
2902,NCT02790502,No
2900,NCT04317924,No
2799,NCT04585230,No
2899,NCT04090879,No
1171,NCT00339924,No
1437,NCT03875651,No
3221,NCT03044821,No
2127,NCT04333615,No
3107,NCT04235764,No
3218,NCT02578147,No
3108,NCT03920670,No
2895,NCT03845283,No
2378,NCT02470260,No
1670,NCT03789721,No
3104,NCT03778060,No
2374,NCT03976336,No
1734,NCT04073940,No
2120,NCT03404531,No
3233,NCT01005654,No
1177,NCT03180853,No
2455,NCT04233164,No
3232,NCT04502212,No
3231,NCT03278990,No
3230,NCT04140084,No
2792,NCT02956408,No
1087,NCT03527654,No
1173,NCT04542915,No
2121,NCT03518294,No
2210,NCT03168425,No
3228,NCT03670914,No
2795,NCT04426318,No
2122,NCT03337217,No
2451,NCT04352764,No
3224,NCT04199702,No
3216,NCT03654365,No
1750,NCT04136951,No
2892,NCT04173884,No
1097,NCT03566264,No
2435,NCT04575168,No
2434,NCT04533425,No
1674,NCT03621826,No
3204,NCT03911284,No
1743,NCT03763591,No
2205,NCT04321811,No
1739,NCT03054597,No
3202,NCT03040466,No
3215,NCT02261974,No
1474,NCT03399461,No
2204,NCT01254669,No
3200,NCT03972774,No
2203,NCT02698722,No
2385,NCT02714413,No
2432,NCT04122378,No
3121,NCT03882957,No
1161,NCT03202680,No
2436,NCT03615235,No
2437,NCT00481507,No
2818,NCT02709135,No
2807,NCT04052815,No
3214,NCT02550730,No
2808,NCT04221815,No
2133,NCT03441503,No
2443,NCT03479905,No
3211,NCT03615950,No
1672,NCT03536676,No
1165,NCT03845400,No
2810,NCT03375099,No
3208,NCT03992378,No
3113,NCT04608149,No
1443,NCT03876665,No
1163,NCT04582266,No
2815,NCT02021175,No
2208,NCT04533360,No
2015,NCT00578994,No
2395,NCT03731351,No
1057,NCT03421561,No
1334,NCT03321474,No
2640,NCT03099954,No
1331,NCT04532788,No
2641,NCT03323723,No
2642,NCT03359421,No
1563,NCT04316819,No
122,NCT03688126,No
3366,NCT03519074,No
2644,NCT03613714,No
1940,NCT03596203,No
1332,NCT03614819,No
2980,NCT04438161,No
1564,NCT04283344,No
128,NCT03631472,No
129,NCT03699709,No
2647,NCT03625492,No
131,NCT02939131,No
132,NCT03488264,No
2638,NCT03865199,No
2308,NCT03205982,No
2982,NCT02524366,No
1933,NCT03372928,No
1931,NCT04359082,No
2584,NCT03807934,No
1878,NCT03257436,No
2583,NCT04562649,No
3374,NCT03634306,No
1932,NCT03524690,No
101,NCT04552535,No
1934,NCT03250234,No
2983,NCT03927742,No
104,NCT03390660,No
105,NCT00837499,No
3373,NCT03221192,No
2581,NCT03925038,No
2634,NCT03242577,No
2328,NCT03243084,No
1560,NCT04054947,No
1565,NCT04253743,No
2650,NCT03219177,No
1965,NCT03072511,No
2977,NCT03807817,No
2660,NCT03340233,No
3353,NCT04022434,No
1532,NCT03395964,No
1281,NCT04594109,No
1030,NCT04004715,No
3019,NCT00481754,No
2552,NCT03196999,No
1960,NCT04545333,No
2286,NCT03640286,No
2664,NCT04113733,No
2285,NCT03313765,No
2283,NCT01327105,No
2669,NCT03404349,No
1963,NCT03352219,No
3348,NCT04422600,No
1032,NCT01031160,No
2670,NCT04399941,No
2659,NCT03970642,No
1029,NCT03771196,No
2969,NCT01239082,No
2300,NCT03378336,No
2305,NCT04030117,No
2975,NCT03394040,No
143,NCT04072289,No
144,NCT04423770,No
1288,NCT03043300,No
2330,NCT03735407,No
1534,NCT03566095,No
2654,NCT02281747,No
1955,NCT03506984,No
1335,NCT04215328,No
153,NCT03198793,No
2332,NCT03263195,No
3359,NCT03736603,No
157,NCT04281290,No
1023,NCT02755831,No
1950,NCT04303676,No
1296,NCT04155333,No
94,NCT03266497,No
1559,NCT03931395,No
3377,NCT01212003,No
25,NCT03867409,No
26,NCT04004260,No
27,NCT04205877,No
3394,NCT04413708,No
2320,NCT04502290,No
2620,NCT03304782,No
1918,NCT03985449,No
31,NCT04562636,No
3388,NCT04461405,No
32,NCT03924505,No
34,NCT03311295,No
3387,NCT03267914,No
35,NCT03242278,No
36,NCT03683134,No
37,NCT04047316,No
38,NCT03952364,No
1306,NCT03693937,No
2616,NCT03148652,No
2597,NCT03066999,No
2598,NCT03050840,No
1548,NCT03903588,No
2607,NCT04388605,No
1317,NCT04494490,No
1314,NCT04156373,No
3402,NCT03738462,No
2609,NCT03794856,No
1313,NCT04017624,No
1547,NCT02542046,No
1545,NCT03264898,No
21,NCT03995745,No
1318,NCT04073719,No
2993,NCT03229356,No
3398,NCT03974061,No
1308,NCT04274959,No
2615,NCT03689530,No
1321,NCT04589416,No
3395,NCT03643783,No
39,NCT04021030,No
1305,NCT04374201,No
42,NCT03628235,No
1297,NCT04067401,No
1926,NCT03407443,No
1891,NCT03480854,No
2985,NCT01316783,No
78,NCT03310112,No
1927,NCT02544035,No
1298,NCT03839797,No
1011,NCT03293901,No
3379,NCT03523780,No
1924,NCT03265912,No
3009,NCT03318237,No
2627,NCT04109443,No
3010,NCT04491539,No
2587,NCT03997422,No
2630,NCT03286283,No
2586,NCT03301753,No
2632,NCT03814980,No
2625,NCT03823872,No
3005,NCT03348345,No
2319,NCT03481270,No
1897,NCT03149510,No
45,NCT04263311,No
46,NCT00875641,No
48,NCT04587245,No
50,NCT03274726,No
3383,NCT04381481,No
52,NCT04191824,No
54,NCT02813577,No
57,NCT04163341,No
1006,NCT02876575,No
2314,NCT04250077,No
60,NCT03276637,No
61,NCT03192891,No
62,NCT03373045,No
63,NCT04229212,No
1304,NCT03530020,No
1004,NCT02472067,No
1964,NCT03480217,No
156,NCT03346603,No
1267,NCT03185728,No
1516,NCT03700281,No
3034,NCT03884478,No
2335,NCT02968381,No
2000,NCT02050113,No
3316,NCT04312165,No
2696,NCT03307356,No
1531,NCT03261882,No
2260,NCT03081871,No
2003,NCT03964974,No
1352,NCT03788408,No
1269,NCT04111263,No
1992,NCT03833284,No
1356,NCT02175316,No
2007,NCT02698670,No
1040,NCT03364361,No
1055,NCT03056534,No
1039,NCT03306602,No
2965,NCT04039399,No
1590,NCT04419883,No
2008,NCT03323008,No
1374,NCT03969654,No
2545,NCT04277780,No
3326,NCT03520387,No
3321,NCT04046055,No
1048,NCT03369730,No
2703,NCT03826290,No
2248,NCT03242655,No
2233,NCT03565653,No
3331,NCT03767231,No
2534,NCT01142908,No
1258,NCT04501419,No
2247,NCT02703701,No
1369,NCT03993002,No
1045,NCT04607356,No
2530,NCT02464410,No
3333,NCT04161040,No
3318,NCT03490045,No
2249,NCT03906942,No
1989,NCT03501992,No
2529,NCT00781586,No
2250,NCT03556293,No
1529,NCT03912194,No
2253,NCT03406975,No
2958,NCT03740490,No
2959,NCT04018573,No
1988,NCT01532986,No
2256,NCT03281590,No
1372,NCT03479541,No
1265,NCT04010162,No
2528,NCT02768103,No
1993,NCT03252951,No
1608,NCT03588364,No
1365,NCT02015390,No
2270,NCT04203238,No
2693,NCT00342732,No
1588,NCT00342771,No
1586,NCT03276247,No
3322,NCT03543735,No
1609,NCT03293654,No
2274,NCT03489356,No
1996,NCT03865303,No
2334,NCT03640208,No
2521,NCT04163614,No
1034,NCT03719391,No
1840,NCT03825783,No
2520,NCT03136029,No
3346,NCT04608188,No
1998,NCT03711630,No
1583,NCT01524146,No
2229,NCT03532256,No
2709,NCT03982979,No
2526,NCT04397900,No
1997,NCT04461184,No
1610,NCT03593356,No
1345,NCT04565860,No
2269,NCT03416738,No
1362,NCT04163172,No
2548,NCT04346511,No
3324,NCT00469339,No
2546,NCT01238445,No
1844,NCT03775954,No
1038,NCT03525184,No
1843,NCT03272048,No
2234,NCT02924857,No
2009,NCT02233192,No
2945,NCT03843437,No
1841,NCT01953016,No
2344,NCT04323267,No
1995,NCT03311646,No
1375,NCT03255161,No
3323,NCT01812824,No
1052,NCT03598114,No
2237,NCT03306147,No
2525,NCT04029220,No
